Student_ID,Age,Math_Score,Science_Score,English_Score,Hours_Studied,Pass_Fail
1,16,41,34,23,1.3,0
2,16,72,73,82,7.5,1
3,18,63,65,73,8.9,1
4,15,89,81,87,9.3,1
5,20,38,30,38,2.1,0
6,15,43,41,55,9.0,0
7,20,63,67,72,7.4,1
8,16,82,74,92,10.4,1
9,17,63,68,53,5.1,1
10,17,73,62,82,6.9,1
11,18,70,82,84,8.5,1
12,20,84,65,72,5.4,1
13,18,64,47,55,8.2,1
14,18,56,50,64,9.2,1
15,20,58,61,60,3.4,1
16,16,61,45,47,2.7,1
17,22,80,96,84,6.8,1
18,19,78,73,73,9.5,1
19,19,79,98,96,11.7,1
20,18,34,46,34,2.7,0
21,15,63,47,80,7.6,1
22,19,59,60,54,3.6,1
23,16,83,73,67,11.8,1
24,17,50,59,66,3.9,1
25,18,69,49,74,8.8,1
26,22,50,38,39,2.3,0
27,18,31,36,35,1.1,0
28,20,51,41,44,1.8,0
29,22,39,48,44,3.7,0
30,20,45,32,22,5.7,0
31,16,21,40,39,1.7,0
32,22,55,49,44,2.5,0
33,16,56,74,53,1.6,1
34,18,37,34,38,2.8,0
35,21,28,20,20,1.0,0
36,22,56,27,31,2.7,0
37,20,23,30,24,1.6,0
38,16,86,90,79,10.4,1
39,18,71,65,62,7.4,1
40,20,100,91,99,11.3,1
41,19,73,92,81,6.0,1
42,16,46,55,34,1.8,0
43,18,78,62,55,5.1,1
44,15,43,62,59,8.3,1
45,19,57,49,62,2.3,1
46,20,36,23,42,3.2,0
47,15,35,46,33,2.0,0
48,19,33,25,27,2.8,0
49,17,62,74,75,7.0,1
50,19,70,86,81,5.0,1
51,18,71,78,48,8.3,1
52,17,91,88,81,11.2,1
53,21,28,48,29,1.3,0
54,18,46,61,39,3.9,0
55,18,50,61,39,3.2,1
56,18,46,53,23,1.3,0
57,19,38,43,33,4.9,0
58,15,46,53,46,2.3,0
59,16,69,36,67,7.6,1
60,16,46,49,48,5.2,0
61,18,73,65,74,5.0,1
62,16,78,65,76,8.9,1
63,19,81,61,79,7.1,1
64,17,74,71,65,7.8,1
65,21,66,59,75,9.6,1
66,22,91,90,88,9.7,1
67,20,45,41,60,2.0,0
68,17,45,38,34,1.3,0
69,21,63,63,74,10.7,1
70,17,88,88,83,8.2,1
71,21,40,42,54,3.4,0
72,16,53,75,63,6.0,1
73,22,56,71,57,7.7,1
74,17,69,68,79,9.2,1
75,22,72,67,75,7.9,1
76,20,91,85,92,10.8,1
77,18,33,23,30,1.7,0
78,21,40,75,61,5.3,1
79,21,66,55,79,6.2,1
80,21,48,70,57,6.9,1
81,19,69,64,60,5.8,1
82,17,94,88,100,10.2,1
83,15,28,23,27,1.9,0
84,20,50,28,47,3.3,0
85,21,51,20,42,3.8,0
86,20,78,72,70,3.5,1
87,18,52,60,60,3.2,1
88,18,67,43,47,6.1,1
89,16,88,66,73,9.6,1
90,21,53,52,45,5.4,1
91,16,80,73,55,8.7,1
92,15,48,38,45,4.8,0
93,21,100,90,88,10.0,1
94,17,35,54,70,5.8,1
95,22,57,64,72,6.1,1
96,16,38,23,29,4.1,0
97,20,36,43,54,1.3,0
98,20,24,24,30,4.1,0
99,18,28,37,25,1.9,0
100,22,68,62,71,5.9,1
101,20,49,50,43,6.2,0
102,22,54,51,53,4.0,1
103,17,38,33,37,3.1,0
104,19,87,88,98,11.8,1
105,17,60,61,58,4.0,1
106,22,49,41,49,2.1,0
107,15,49,60,55,3.8,1
108,15,34,57,55,2.7,0
109,21,64,61,69,7.7,1
110,22,38,39,41,4.3,0
111,16,94,86,84,11.4,1
112,17,78,67,62,7.1,1
113,15,31,31,46,3.5,0
114,19,59,75,64,9.7,1
115,18,78,90,88,8.1,1
116,19,61,69,80,7.5,1
117,19,81,81,84,8.7,1
118,15,71,88,83,10.8,1
119,15,80,99,89,12.0,1
120,22,58,64,55,6.7,1
121,22,79,76,81,11.7,1
122,17,43,63,45,4.6,1
123,15,63,64,54,6.0,1
124,15,58,63,68,8.2,1
125,22,64,52,64,7.9,1
126,22,81,71,70,10.7,1
127,17,62,64,77,4.4,1
128,16,84,61,74,6.1,1
129,19,47,42,47,5.6,0
130,18,64,69,60,11.1,1
131,21,49,68,55,4.7,1
132,22,74,64,83,10.5,1
133,21,61,53,47,6.0,1
134,18,78,57,77,10.4,1
135,21,33,55,45,5.2,0
136,15,49,63,59,2.4,1
137,16,51,38,54,6.8,0
138,17,34,34,34,1.8,0
139,16,81,88,98,10.4,1
140,22,87,74,73,10.6,1
141,18,73,60,59,9.2,1
142,22,45,42,45,2.8,0
143,20,70,50,57,5.1,1
144,17,31,33,28,2.9,0
145,17,34,32,25,3.6,0
146,22,77,75,84,10.9,1
147,19,66,66,58,8.0,1
148,21,94,85,94,10.4,1
149,19,33,56,41,1.2,0
150,15,69,95,76,11.0,1
151,18,69,51,51,7.7,1
152,17,74,78,89,7.9,1
153,20,86,82,77,9.1,1
154,17,79,78,85,9.7,1
155,17,46,58,41,3.8,0
156,20,75,75,69,9.8,1
157,21,84,91,89,11.6,1
158,16,42,40,45,6.0,0
159,20,43,48,34,2.2,0
160,18,56,59,52,8.1,1
161,16,48,46,50,2.5,0
162,17,53,36,30,5.3,0
163,17,60,58,60,10.7,1
164,19,35,44,24,1.4,0
165,16,87,72,72,11.8,1
166,19,70,48,62,3.1,1
167,15,43,24,20,1.6,0
168,18,64,72,56,7.5,1
169,15,77,66,76,4.1,1
170,16,73,74,67,8.3,1
171,20,39,32,37,1.2,0
172,16,53,70,69,6.2,1
173,15,80,83,98,9.0,1
174,15,29,24,20,1.7,0
175,22,56,56,53,1.8,1
176,20,45,40,48,5.2,0
177,16,60,71,66,10.4,1
178,22,75,57,75,10.8,1
179,20,46,63,68,5.7,1
180,16,53,48,41,2.0,0
181,17,49,52,58,7.1,1
182,20,89,95,91,10.6,1
183,19,68,62,71,7.6,1
184,18,82,78,78,10.3,1
185,18,76,99,84,9.9,1
186,15,49,66,61,7.7,1
187,19,85,89,90,11.1,1
188,16,39,41,35,2.6,0
189,21,70,56,81,6.0,1
190,16,100,96,93,10.7,1
191,22,61,58,74,8.3,1
192,16,73,57,60,4.8,1
193,19,33,33,27,1.5,0
194,18,71,84,84,9.4,1
195,21,41,20,33,2.9,0
196,20,39,58,43,1.8,0
197,20,46,48,54,7.3,0
198,15,100,87,100,11.6,1
199,20,39,35,39,2.0,0
200,21,77,83,79,10.6,1
201,16,82,58,86,6.8,1
202,17,56,41,43,3.6,0
203,16,36,46,32,2.9,0
204,22,75,90,82,8.5,1
205,20,56,51,59,2.7,1
206,15,68,71,66,4.9,1
207,19,40,44,45,1.8,0
208,22,78,99,87,7.4,1
209,18,47,50,48,4.5,0
210,20,100,100,100,11.8,1
211,22,51,63,52,6.8,1
212,20,89,82,92,8.5,1
213,21,36,61,39,4.1,0
214,20,20,23,38,1.9,0
215,21,37,30,36,2.4,0
216,20,57,69,58,9.9,1
217,16,65,58,65,8.1,1
218,18,49,59,54,4.8,1
219,19,100,100,81,10.3,1
220,15,73,77,78,8.3,1
221,17,68,87,90,10.1,1
222,21,29,39,41,5.0,0
223,22,70,53,32,3.6,1
224,18,74,75,83,5.0,1
225,21,59,60,67,6.5,1
226,19,29,39,23,1.6,0
227,16,44,54,48,4.1,0
228,21,47,69,43,2.0,1
229,21,30,38,30,1.6,0
230,15,72,63,69,4.5,1
231,15,47,66,67,4.2,1
232,22,69,71,75,7.8,1
233,21,45,46,41,2.2,0
234,22,36,33,42,1.7,0
235,18,74,68,82,8.9,1
236,17,100,100,98,8.3,1
237,15,44,48,41,5.3,0
238,15,63,59,58,4.9,1
239,20,42,27,25,2.5,0
240,22,83,91,92,11.8,1
241,22,55,47,37,1.4,0
242,19,75,75,89,6.7,1
243,18,50,48,47,4.1,0
244,20,55,57,48,5.8,1
245,17,40,25,38,6.5,0
246,21,20,20,22,1.9,0
247,16,58,48,45,4.6,1
248,22,78,56,96,4.9,1
249,19,68,67,63,8.0,1
250,17,100,96,93,11.5,1
251,16,36,44,41,3.6,0
252,17,79,82,71,8.5,1
253,20,47,62,61,5.4,1
254,22,65,69,55,6.7,1
255,18,100,80,85,12.0,1
256,16,63,79,75,6.0,1
257,20,58,66,74,8.3,1
258,17,81,89,77,8.8,1
259,16,85,83,91,11.8,1
260,20,65,67,63,6.1,1
261,21,78,89,72,12.0,1
262,16,43,30,42,2.4,0
263,17,74,94,100,10.7,1
264,21,64,68,74,6.5,1
265,17,43,65,44,4.5,1
266,16,33,45,45,3.8,0
267,16,90,80,83,6.5,1
268,20,58,66,64,10.3,1
269,19,63,66,64,8.2,1
270,19,73,70,60,8.1,1
271,22,52,43,49,1.8,0
272,17,36,62,32,4.4,0
273,17,71,72,76,9.4,1
274,22,59,47,62,3.7,1
275,18,94,100,97,11.6,1
276,18,65,58,65,9.4,1
277,15,36,31,41,2.0,0
278,15,20,20,20,1.6,0
279,15,69,60,49,10.3,1
280,20,52,45,54,1.5,1
281,21,56,75,62,6.5,1
282,16,54,60,49,2.4,1
283,20,89,77,80,9.3,1
284,17,68,88,91,8.8,1
285,17,45,61,47,4.6,1
286,19,55,45,56,7.5,1
287,22,78,80,68,10.0,1
288,15,78,76,64,7.6,1
289,18,66,61,61,8.9,1
290,21,40,45,40,2.6,0
291,15,54,53,59,5.9,1
292,22,79,86,86,10.6,1
293,20,81,88,77,12.0,1
294,20,41,49,42,7.0,0
295,19,76,65,69,7.7,1
296,19,61,64,73,9.5,1
297,19,35,46,34,4.2,0
298,20,84,87,100,11.5,1
299,20,65,80,91,11.2,1
300,19,80,76,77,11.3,1
301,18,40,44,47,1.6,0
302,20,96,98,88,8.9,1
303,17,69,71,77,5.5,1
304,19,25,48,44,4.5,0
305,15,100,100,100,11.0,1
306,21,97,89,80,9.7,1
307,15,29,37,30,1.1,0
308,22,98,89,100,10.8,1
309,20,38,41,48,2.8,0
310,19,61,76,52,7.2,1
311,21,82,77,80,6.7,1
312,20,96,90,98,11.3,1
313,20,50,44,41,4.3,0
314,15,66,58,49,8.3,1
315,19,43,53,61,8.6,1
316,17,39,23,41,6.3,0
317,22,68,83,70,9.3,1
318,16,53,58,52,6.8,1
319,18,77,67,71,7.3,1
320,18,54,50,54,8.9,1
321,17,60,45,63,6.6,1
322,15,51,61,62,5.4,1
323,20,69,88,55,8.7,1
324,22,29,24,20,1.3,0
325,21,58,70,60,5.1,1
326,16,57,61,59,8.5,1
327,17,88,100,83,11.9,1
328,15,76,66,77,11.8,1
329,18,49,55,39,3.7,0
330,16,20,45,23,1.4,0
331,18,49,38,41,3.3,0
332,15,61,45,55,3.7,1
333,15,49,58,44,2.5,1
334,20,52,60,67,3.6,1
335,19,52,67,52,1.7,1
336,21,76,69,68,7.1,1
337,20,70,70,75,8.7,1
338,18,88,82,59,10.3,1
339,21,81,83,88,11.6,1
340,16,85,87,82,11.1,1
341,19,51,66,59,5.1,1
342,18,62,68,67,6.3,1
343,18,100,100,100,11.6,1
344,18,64,55,66,5.4,1
345,20,51,24,41,4.4,0
346,22,78,73,76,9.4,1
347,18,89,77,82,9.2,1
348,19,45,43,30,2.7,0
349,20,41,54,53,3.8,0
350,17,75,67,70,9.1,1
351,15,63,67,63,6.8,1
352,15,56,61,60,5.5,1
353,22,36,37,38,5.1,0
354,22,24,38,27,1.2,0
355,19,30,47,25,1.2,0
356,16,77,73,73,11.1,1
357,20,46,33,47,3.9,0
358,18,50,65,52,4.3,1
359,15,37,31,31,2.0,0
360,17,38,36,66,1.9,0
361,16,87,100,83,10.8,1
362,22,57,61,73,4.0,1
363,15,44,47,50,3.0,0
364,21,91,67,75,11.2,1
365,20,40,53,51,5.2,0
366,20,26,20,31,1.6,0
367,21,92,83,73,11.7,1
368,18,61,59,53,4.9,1
369,16,81,81,78,9.5,1
370,21,53,61,66,8.8,1
371,15,75,73,73,11.4,1
372,21,47,57,51,5.9,1
373,16,56,80,72,7.6,1
374,16,36,46,55,9.0,0
375,21,49,46,47,2.9,0
376,19,54,53,60,5.6,1
377,22,72,62,87,7.5,1
378,20,77,59,70,10.3,1
379,17,31,34,39,4.3,0
380,21,96,74,85,11.7,1
381,18,63,37,63,4.6,1
382,18,49,34,46,7.5,0
383,22,100,92,88,11.4,1
384,21,82,77,82,8.4,1
385,21,100,97,100,9.7,1
386,21,60,75,61,7.0,1
387,16,52,46,50,2.2,0
388,21,91,82,81,11.6,1
389,18,48,42,45,6.6,0
390,21,42,70,76,6.1,1
391,22,29,33,31,2.2,0
392,17,56,36,43,4.8,0
393,16,49,51,69,5.8,1
394,16,36,39,20,1.2,0
395,18,52,47,58,6.7,1
396,21,85,64,83,7.9,1
397,18,58,60,64,5.9,1
398,16,61,67,74,7.4,1
399,16,50,50,49,3.9,0
400,21,68,45,46,7.5,1
401,19,66,70,78,11.1,1
402,16,31,37,42,3.0,0
403,21,46,62,37,5.7,0
404,17,60,56,68,7.1,1
405,15,90,96,100,10.5,1
406,22,42,37,43,5.5,0
407,15,81,80,85,9.8,1
408,22,58,57,66,7.2,1
409,19,74,82,79,9.5,1
410,22,69,76,57,7.0,1
411,19,91,92,88,10.6,1
412,16,93,72,75,9.5,1
413,21,52,49,51,2.8,1
414,20,56,66,58,6.9,1
415,19,64,67,62,11.5,1
416,21,100,100,100,11.1,1
417,18,45,44,33,2.6,0
418,17,74,54,69,7.4,1
419,16,44,63,50,5.4,1
420,22,70,68,57,4.6,1
421,22,48,65,55,8.0,1
422,21,71,69,81,10.1,1
423,17,57,55,54,7.2,1
424,16,69,74,68,7.9,1
425,22,40,39,37,1.0,0
426,19,48,47,45,2.7,0
427,20,67,60,60,8.3,1
428,18,64,62,65,5.7,1
429,18,62,60,65,6.7,1
430,21,66,78,73,8.6,1
431,16,53,57,42,4.4,1
432,17,66,58,64,8.1,1
433,17,45,61,63,5.8,1
434,22,88,86,75,10.5,1
435,21,44,38,50,4.9,0
436,18,48,56,42,7.1,0
437,19,38,32,48,3.3,0
438,18,77,62,65,6.4,1
439,15,92,100,86,11.9,1
440,20,78,73,70,7.0,1
441,16,58,48,38,1.2,0
442,19,59,58,55,7.9,1
443,17,55,50,60,4.1,1
444,20,32,42,41,5.3,0
445,21,74,84,81,9.0,1
446,22,86,79,78,7.7,1
447,15,67,81,69,8.8,1
448,19,66,54,72,2.8,1
449,15,46,40,64,4.7,1
450,16,58,62,55,6.5,1
451,17,65,58,53,3.8,1
452,15,37,34,43,1.5,0
453,17,47,51,35,3.0,0
454,21,65,41,61,3.5,1
455,20,37,41,49,2.3,0
456,15,100,94,100,11.5,1
457,20,32,27,44,2.0,0
458,18,45,51,45,6.1,0
459,18,44,34,42,2.7,0
460,15,100,100,91,11.5,1
461,16,55,77,51,3.3,1
462,17,100,100,86,8.8,1
463,20,49,48,59,6.0,1
464,21,25,35,27,1.8,0
465,19,87,94,84,10.4,1
466,22,58,57,45,4.0,1
467,17,34,38,37,2.2,0
468,18,44,53,48,6.0,0
469,19,77,83,73,10.1,1
470,16,82,90,85,8.8,1
471,17,32,27,21,1.3,0
472,22,37,54,47,2.1,0
473,18,39,38,37,2.4,0
474,19,100,100,100,11.1,1
475,17,38,64,63,2.0,1
476,15,20,25,28,2.8,0
477,21,50,42,62,2.9,1
478,15,50,41,58,7.8,0
479,22,41,42,53,1.7,0
480,18,61,89,74,7.9,1
481,20,56,56,60,6.3,1
482,19,47,53,33,3.0,0
483,15,71,65,67,9.9,1
484,17,30,43,20,2.1,0
485,15,86,97,88,9.4,1
486,17,21,23,20,2.9,0
487,15,74,77,80,8.7,1
488,22,68,76,70,7.0,1
489,15,86,87,90,6.8,1
490,17,84,100,91,11.1,1
491,17,75,96,86,9.5,1
492,21,68,75,60,7.4,1
493,21,89,100,100,9.7,1
494,20,39,37,53,3.5,0
495,17,60,46,53,3.0,1
496,15,50,28,30,3.0,0
497,16,100,98,100,11.3,1
498,17,84,81,76,8.0,1
499,20,64,64,61,5.9,1
500,16,87,80,87,8.9,1
501,21,59,60,58,6.4,1
502,18,68,59,68,2.8,1
503,16,50,42,33,1.8,0
504,16,72,72,66,4.7,1
505,17,66,54,84,7.7,1
506,21,57,70,77,8.7,1
507,18,36,27,30,2.1,0
508,15,65,50,51,5.7,1
509,15,20,24,29,3.3,0
510,21,63,62,61,6.2,1
511,20,82,75,85,10.7,1
512,18,73,74,72,10.2,1
513,20,72,65,67,9.9,1
514,21,74,75,62,10.0,1
515,18,88,77,70,6.2,1
516,17,36,63,39,2.3,0
517,18,26,20,26,2.4,0
518,17,97,82,78,10.2,1
519,21,41,29,44,7.1,0
520,15,63,62,73,9.7,1
521,17,33,46,45,7.2,0
522,16,79,96,87,9.6,1
523,22,61,51,66,7.3,1
524,21,39,44,57,1.4,0
525,19,100,100,100,10.9,1
526,22,51,72,78,10.4,1
527,22,82,67,68,9.5,1
528,22,42,54,37,3.3,0
529,15,73,63,67,6.7,1
530,15,45,51,49,2.9,0
531,15,77,87,74,11.1,1
532,16,82,53,79,8.5,1
533,22,67,74,55,7.5,1
534,16,49,27,36,4.1,0
535,18,61,65,67,8.1,1
536,15,68,66,59,6.2,1
537,19,65,84,62,8.8,1
538,22,36,37,27,3.8,0
539,16,61,67,52,1.1,1
540,19,56,65,53,4.3,1
541,19,28,43,48,3.9,0
542,18,77,81,83,10.9,1
543,17,32,54,63,8.9,0
544,21,34,50,40,9.1,0
545,18,58,72,62,8.5,1
546,19,78,94,95,10.3,1
547,17,63,90,63,9.2,1
548,20,77,78,66,8.2,1
549,20,41,47,47,5.1,0
550,16,66,58,53,6.2,1
551,21,37,43,49,1.6,0
552,22,43,53,50,2.6,0
553,17,65,65,75,4.4,1
554,17,58,53,54,6.4,1
555,21,57,44,54,5.7,1
556,15,74,85,84,10.8,1
557,18,48,61,59,3.5,1
558,19,41,44,60,2.8,0
559,20,52,66,56,5.8,1
560,18,51,64,59,2.8,1
561,17,59,67,67,3.3,1
562,15,33,36,37,5.1,0
563,15,69,67,62,8.3,1
564,21,54,45,53,2.4,1
565,15,33,42,54,4.3,0
566,17,61,62,63,5.6,1
567,16,40,59,30,6.5,0
568,20,74,67,72,8.7,1
569,22,68,80,59,4.6,1
570,22,58,52,49,2.6,1
571,19,49,43,46,8.1,0
572,17,82,84,81,10.6,1
573,16,37,47,30,2.0,0
574,17,60,71,85,4.6,1
575,20,91,90,82,10.0,1
576,21,63,66,59,8.6,1
577,17,100,100,100,8.7,1
578,22,71,70,81,9.8,1
579,15,85,100,88,10.5,1
580,22,39,37,45,2.2,0
581,18,78,72,82,11.8,1
582,16,48,51,47,5.8,0
583,17,44,64,57,10.2,1
584,17,53,58,63,6.6,1
585,20,50,53,62,3.6,1
586,21,93,86,88,10.0,1
587,22,74,65,65,5.9,1
588,21,20,24,20,1.4,0
589,19,66,63,72,10.8,1
590,15,79,86,74,10.0,1
591,20,96,88,94,8.9,1
592,19,64,69,56,7.0,1
593,21,32,43,32,2.2,0
594,22,90,83,81,10.1,1
595,16,67,67,62,9.5,1
596,22,23,24,38,1.0,0
597,17,94,90,88,8.6,1
598,20,56,53,34,6.5,0
599,19,57,53,48,5.4,1
600,19,71,72,63,10.3,1
601,18,35,33,49,3.2,0
602,17,52,65,64,6.5,1
603,22,77,73,66,7.4,1
604,19,82,88,86,10.7,1
605,15,89,80,82,8.4,1
606,19,64,62,68,2.6,1
607,20,100,95,80,10.0,1
608,21,37,49,63,3.6,0
609,21,76,78,92,5.3,1
610,15,97,87,75,9.2,1
611,18,69,81,70,11.0,1
612,18,84,90,96,9.5,1
613,17,83,93,89,11.6,1
614,19,32,29,46,2.4,0
615,17,44,50,38,1.4,0
616,19,50,55,46,6.4,1
617,18,68,75,78,11.5,1
618,21,46,37,47,2.0,0
619,18,72,66,74,11.5,1
620,15,42,26,23,2.3,0
621,18,77,100,74,11.5,1
622,21,46,34,47,3.8,0
623,22,68,56,60,6.4,1
624,16,53,58,56,2.8,1
625,18,80,66,75,10.5,1
626,21,81,90,93,8.1,1
627,20,44,42,45,1.4,0
628,18,80,70,79,11.0,1
629,21,55,48,48,8.4,1
630,15,100,100,100,8.7,1
631,19,81,53,74,7.7,1
632,15,54,44,64,6.2,1
633,19,100,100,89,11.6,1
634,20,100,100,100,11.5,1
635,21,70,72,55,6.9,1
636,20,53,65,66,3.3,1
637,19,66,62,40,3.1,1
638,22,89,83,89,8.1,1
639,22,87,78,84,11.5,1
640,16,87,74,75,10.9,1
641,17,65,59,60,7.2,1
642,18,63,73,82,9.6,1
643,20,76,70,83,10.7,1
644,17,80,85,62,8.1,1
645,18,50,53,53,3.9,1
646,15,57,64,66,9.9,1
647,19,76,77,68,7.0,1
648,18,58,73,74,10.8,1
649,16,42,50,30,5.4,0
650,17,83,70,76,9.3,1
651,17,66,67,75,9.1,1
652,16,62,36,49,3.9,0
653,21,58,65,57,6.2,1
654,19,89,85,90,10.2,1
655,20,68,70,92,7.5,1
656,18,64,42,52,6.7,1
657,15,70,76,71,6.5,1
658,18,60,55,40,2.7,1
659,21,68,71,78,9.9,1
660,17,67,71,71,8.1,1
661,17,84,87,84,7.9,1
662,17,53,30,29,6.7,0
663,19,100,80,91,11.4,1
664,18,57,68,61,10.1,1
665,19,20,32,33,2.8,0
666,21,64,67,53,5.2,1
667,21,72,84,69,10.1,1
668,16,20,28,28,2.0,0
669,21,63,55,60,6.7,1
670,22,75,67,55,9.7,1
671,16,71,60,56,5.7,1
672,21,65,75,65,3.8,1
673,15,74,57,62,5.1,1
674,21,86,63,74,8.2,1
675,19,87,74,80,11.9,1
676,17,46,45,55,5.1,0
677,21,75,84,75,9.1,1
678,17,22,26,20,2.1,0
679,15,44,48,47,2.8,0
680,21,46,29,31,2.0,0
681,21,51,37,42,7.8,0
682,17,65,55,51,8.0,1
683,19,38,44,37,3.1,0
684,15,21,45,43,5.0,0
685,21,50,31,42,4.9,0
686,16,66,60,66,11.1,1
687,20,96,92,100,11.6,1
688,15,47,51,48,3.9,0
689,16,94,100,89,9.8,1
690,22,66,73,51,11.6,1
691,22,78,82,89,8.5,1
692,21,84,85,91,8.0,1
693,20,83,82,85,6.7,1
694,20,45,39,62,1.8,0
695,19,25,49,56,3.0,0
696,18,76,82,86,9.1,1
697,20,72,55,50,2.7,1
698,15,73,63,75,9.4,1
699,22,86,93,99,10.9,1
700,19,52,48,55,5.4,1
701,15,58,60,70,6.5,1
702,22,68,64,69,4.5,1
703,20,77,68,76,7.7,1
704,20,48,45,40,5.0,0
705,21,56,47,50,4.1,1
706,16,69,82,74,8.9,1
707,17,71,82,84,6.2,1
708,20,83,66,70,9.6,1
709,17,34,36,36,1.7,0
710,20,49,44,34,3.9,0
711,21,43,62,68,2.3,1
712,17,94,73,86,11.8,1
713,22,82,74,74,10.8,1
714,17,75,73,74,8.0,1
715,16,40,27,24,1.9,0
716,21,36,24,39,4.0,0
717,22,60,57,47,5.6,1
718,16,45,51,39,3.3,0
719,15,31,28,26,1.3,0
720,17,45,50,61,1.9,1
721,22,93,94,84,7.9,1
722,20,66,71,58,10.5,1
723,17,81,77,79,11.7,1
724,21,53,52,66,6.8,1
725,16,58,54,54,5.9,1
726,17,52,69,43,4.8,1
727,22,39,41,45,4.3,0
728,20,47,53,66,3.1,1
729,21,84,74,74,10.1,1
730,19,35,36,57,4.1,0
731,17,56,39,54,2.5,0
732,22,48,43,47,3.1,0
733,16,64,61,58,4.1,1
734,15,63,65,30,6.4,1
735,22,78,77,73,8.7,1
736,19,91,93,100,9.5,1
737,21,100,92,100,10.1,1
738,22,54,54,51,3.7,1
739,18,51,52,67,6.2,1
740,15,69,64,71,9.2,1
741,20,84,97,95,10.8,1
742,20,29,34,43,1.2,0
743,15,50,69,72,7.4,1
744,18,61,79,43,2.7,1
745,15,20,30,24,1.7,0
746,18,34,29,52,4.5,0
747,18,33,24,26,1.2,0
748,22,51,45,50,7.1,0
749,20,87,81,67,9.1,1
750,16,51,37,44,6.8,0
751,21,78,78,94,9.1,1
752,20,59,60,74,8.9,1
753,22,87,75,85,9.4,1
754,16,87,92,93,6.8,1
755,18,43,36,35,2.2,0
756,22,55,54,69,6.8,1
757,16,42,61,41,1.1,0
758,22,94,98,87,9.8,1
759,20,95,78,89,9.7,1
760,19,51,46,45,1.9,0
761,21,37,34,34,3.1,0
762,21,66,71,66,9.2,1
763,21,91,80,90,10.7,1
764,17,34,53,39,6.9,0
765,20,75,72,63,10.3,1
766,18,83,75,67,7.2,1
767,22,54,57,45,5.9,1
768,17,93,89,100,11.9,1
769,15,89,100,90,9.5,1
770,17,35,32,51,2.0,0
771,18,46,35,60,3.6,0
772,16,71,82,65,9.0,1
773,16,74,59,60,7.5,1
774,15,89,58,82,11.1,1
775,16,96,84,84,10.6,1
776,21,28,22,26,1.6,0
777,18,20,40,25,2.7,0
778,16,52,46,46,3.4,0
779,15,72,52,69,7.0,1
780,17,72,55,60,6.3,1
781,18,55,43,37,3.7,0
782,16,67,59,73,8.4,1
783,15,88,88,69,9.5,1
784,17,62,63,61,5.8,1
785,16,70,78,56,2.2,1
786,19,30,32,34,1.2,0
787,18,88,78,68,9.1,1
788,17,61,76,62,8.6,1
789,19,54,38,38,2.9,0
790,15,20,37,26,1.7,0
791,16,37,46,53,1.2,0
792,16,72,75,73,10.9,1
793,22,63,71,62,7.2,1
794,22,67,54,70,5.3,1
795,18,97,100,100,12.0,1
796,21,83,78,82,10.8,1
797,17,52,48,40,4.8,0
798,18,44,44,58,5.6,0
799,22,70,52,62,7.0,1
800,17,39,66,68,4.4,1
801,17,63,74,69,8.2,1
802,16,44,54,49,3.0,0
803,21,95,87,72,11.6,1
804,19,49,68,49,2.7,1
805,19,51,58,60,7.7,1
806,16,62,51,53,8.6,1
807,20,42,39,41,3.0,0
808,21,85,73,91,9.4,1
809,18,100,100,95,9.3,1
810,22,74,74,93,8.6,1
811,21,67,46,51,8.9,1
812,15,50,71,52,6.7,1
813,21,100,100,78,11.8,1
814,18,48,48,36,4.2,0
815,21,58,71,59,4.2,1
816,22,33,20,25,2.0,0
817,17,57,39,60,5.3,1
818,18,94,83,80,10.7,1
819,17,80,70,80,8.9,1
820,21,86,94,97,9.0,1
821,15,83,86,84,9.5,1
822,17,34,37,55,3.0,0
823,22,75,60,59,4.2,1
824,19,23,27,20,1.1,0
825,22,33,35,40,3.6,0
826,15,31,21,29,3.7,0
827,15,56,54,55,3.0,1
828,19,59,61,56,4.6,1
829,19,53,64,58,7.7,1
830,22,75,75,67,9.2,1
831,21,65,89,84,10.0,1
832,16,80,58,69,8.6,1
833,15,28,48,38,2.2,0
834,19,57,53,57,5.7,1
835,17,53,38,53,7.8,0
836,18,74,85,76,8.8,1
837,16,89,77,80,9.1,1
838,20,64,66,71,7.2,1
839,16,42,55,43,4.4,0
840,20,25,36,29,5.4,0
841,20,75,78,75,11.1,1
842,17,72,72,91,7.9,1
843,21,100,86,92,11.2,1
844,15,26,45,34,3.3,0
845,17,83,67,67,4.1,1
846,21,67,52,73,3.1,1
847,15,76,57,78,4.0,1
848,19,49,48,31,3.4,0
849,16,72,65,70,5.9,1
850,22,56,68,71,9.1,1
851,17,57,58,53,3.3,1
852,19,71,88,85,11.3,1
853,15,29,55,44,2.1,0
854,18,61,51,63,4.5,1
855,16,56,62,50,4.0,1
856,16,46,49,51,3.3,0
857,19,76,78,64,7.3,1
858,15,29,29,28,2.4,0
859,21,34,42,41,5.3,0
860,22,75,59,50,7.8,1
861,16,79,98,99,11.7,1
862,22,45,36,26,2.1,0
863,18,45,45,52,2.6,0
864,20,80,95,88,9.7,1
865,20,60,60,74,6.3,1
866,16,52,53,55,5.5,1
867,19,60,48,49,6.9,1
868,22,58,34,38,5.2,0
869,21,67,63,68,7.2,1
870,22,30,41,39,2.3,0
871,19,93,97,79,11.5,1
872,21,48,51,55,4.6,1
873,15,63,67,81,9.3,1
874,22,36,26,34,3.2,0
875,19,95,100,87,11.1,1
876,15,48,50,46,7.7,0
877,15,20,20,20,1.0,0
878,15,37,41,52,3.6,0
879,21,65,67,68,5.8,1
880,20,100,98,96,10.2,1
881,16,96,71,65,8.1,1
882,17,26,20,36,1.9,0
883,21,61,62,52,7.9,1
884,18,28,37,29,3.0,0
885,19,46,58,46,5.5,1
886,20,27,33,35,2.2,0
887,19,86,86,83,6.1,1
888,16,57,46,48,8.5,1
889,15,49,48,41,6.2,0
890,19,77,73,60,4.2,1
891,19,33,55,40,1.7,0
892,15,66,65,56,4.2,1
893,17,73,67,56,7.8,1
894,17,70,68,61,8.3,1
895,17,79,88,87,9.8,1
896,17,72,72,89,10.2,1
897,17,38,37,35,3.3,0
898,16,28,20,29,1.6,0
899,18,44,62,65,5.2,1
900,15,46,49,62,4.2,1
901,15,29,37,22,2.1,0
902,19,56,48,46,4.7,1
903,18,67,63,80,9.1,1
904,17,53,60,56,4.4,1
905,16,73,62,65,8.5,1
906,16,20,22,31,1.6,0
907,16,99,96,96,8.8,1
908,17,76,63,85,10.9,1
909,22,92,95,75,11.1,1
910,20,44,57,53,3.8,1
911,15,46,71,60,3.8,1
912,18,81,82,84,7.7,1
913,18,82,77,79,7.8,1
914,16,75,70,63,7.3,1
915,15,77,77,65,11.3,1
916,15,70,60,80,6.7,1
917,16,89,93,80,6.9,1
918,20,54,63,52,4.7,1
919,20,67,55,71,6.9,1
920,18,55,58,65,2.9,1
921,16,69,58,57,7.9,1
922,17,74,70,78,1.4,1
923,19,77,81,80,6.5,1
924,20,36,49,48,1.6,0
925,22,87,94,89,11.3,1
926,16,55,28,49,1.4,0
927,15,46,35,34,3.7,0
928,16,75,67,62,6.0,1
929,22,62,66,71,7.5,1
930,21,64,75,77,4.6,1
931,18,65,72,72,9.4,1
932,21,43,40,50,2.8,0
933,17,39,48,47,2.1,0
934,22,63,59,51,1.9,1
935,19,51,62,58,5.6,1
936,19,53,42,42,6.8,0
937,17,69,74,65,8.9,1
938,21,39,32,35,1.1,0
939,20,93,83,96,10.5,1
940,18,69,47,36,4.0,1
941,22,89,81,77,6.5,1
942,18,62,49,47,5.8,1
943,15,100,89,94,11.2,1
944,18,63,70,78,8.9,1
945,20,56,53,61,3.5,1
946,18,66,40,59,5.1,1
947,17,38,35,48,3.4,0
948,18,75,85,85,8.0,1
949,15,64,47,65,4.1,1
950,18,61,62,61,10.8,1
951,17,58,51,65,7.4,1
952,18,66,70,58,7.5,1
953,18,44,59,33,3.7,0
954,15,94,86,78,5.6,1
955,21,48,50,38,6.8,0
956,18,27,35,42,1.9,0
957,20,46,42,49,4.3,0
958,22,80,68,85,10.4,1
959,21,46,54,54,3.0,1
960,16,42,47,64,5.2,1
961,18,100,96,93,9.7,1
962,20,96,85,86,10.8,1
963,17,57,67,62,8.1,1
964,20,62,66,52,3.6,1
965,18,70,84,71,9.3,1
966,21,61,48,59,4.0,1
967,16,39,49,37,6.2,0
968,20,91,98,95,9.8,1
969,22,38,38,34,2.0,0
970,17,37,53,39,4.0,0
971,15,61,68,68,4.2,1
972,22,82,96,83,9.1,1
973,20,59,44,59,5.5,1
974,22,33,35,53,6.0,0
975,18,75,85,80,6.3,1
976,22,79,78,82,11.5,1
977,17,64,79,80,10.2,1
978,15,75,76,83,11.9,1
979,15,76,56,84,8.3,1
980,19,67,66,45,2.3,1
981,20,53,44,55,2.7,1
982,19,73,65,53,6.2,1
983,17,58,73,79,9.8,1
984,22,100,89,100,10.9,1
985,18,63,55,54,5.9,1
986,18,73,92,86,9.6,1
987,16,85,71,73,11.7,1
988,15,84,86,75,11.0,1
989,20,36,21,34,1.1,0
990,18,54,47,39,9.0,0
991,21,66,55,56,9.0,1
992,19,63,99,88,6.2,1
993,21,30,20,26,2.0,0
994,17,44,35,50,3.2,0
995,19,86,74,77,10.2,1
996,15,49,36,35,2.7,0
997,19,43,42,46,5.6,0
998,19,73,69,82,6.4,1
999,21,68,73,71,10.6,1
1000,15,85,76,98,10.3,1
1001,17,65,50,48,4.9,1
1002,15,24,20,26,4.2,0
1003,17,69,69,78,9.4,1
1004,19,39,39,45,4.0,0
1005,17,25,20,26,1.1,0
1006,17,49,50,60,2.1,1
1007,16,60,63,63,5.6,1
1008,20,51,48,33,4.4,0
1009,20,51,42,41,2.9,0
1010,17,75,78,69,8.6,1
1011,16,28,45,43,1.9,0
1012,15,62,63,64,6.2,1
1013,16,81,88,80,9.6,1
1014,20,57,44,56,1.3,1
1015,20,27,28,38,2.8,0
1016,16,71,76,60,10.0,1
1017,17,53,62,61,10.9,1
1018,22,41,50,44,5.0,0
1019,20,82,67,85,11.8,1
1020,20,48,47,33,2.4,0
1021,15,29,20,33,1.9,0
1022,22,36,20,30,3.5,0
1023,22,86,79,74,11.3,1
1024,21,53,61,63,5.8,1
1025,16,77,77,84,9.2,1
1026,18,72,79,61,7.5,1
1027,19,67,78,63,9.4,1
1028,21,25,51,41,4.9,0
1029,17,86,71,83,9.4,1
1030,17,20,33,35,1.3,0
1031,17,49,50,51,5.2,1
1032,16,58,53,61,8.3,1
1033,22,68,67,53,6.4,1
1034,15,90,78,98,11.9,1
1035,22,75,77,67,6.1,1
1036,17,82,68,72,6.4,1
1037,22,56,50,68,8.3,1
1038,15,30,24,24,5.3,0
1039,19,55,59,49,4.5,1
1040,15,64,47,80,9.4,1
1041,21,45,44,41,4.9,0
1042,16,90,85,87,10.6,1
1043,21,68,68,62,7.2,1
1044,20,52,47,42,5.2,0
1045,18,36,30,45,4.7,0
1046,20,100,95,92,11.7,1
1047,18,90,78,86,4.2,1
1048,16,57,61,72,8.9,1
1049,22,58,60,47,5.7,1
1050,19,51,43,58,5.8,1
1051,22,47,45,45,8.4,0
1052,17,92,71,63,7.3,1
1053,21,83,88,94,11.3,1
1054,18,33,33,42,2.7,0
1055,16,69,73,79,8.0,1
1056,18,65,62,77,5.5,1
1057,22,71,76,68,6.3,1
1058,19,55,38,37,2.5,0
1059,15,86,88,83,11.6,1
1060,19,86,83,99,10.5,1
1061,16,54,68,77,5.4,1
1062,16,57,80,72,6.7,1
1063,16,71,55,70,3.6,1
1064,21,59,79,82,9.9,1
1065,18,83,73,76,11.7,1
1066,20,89,77,83,8.7,1
1067,19,89,89,77,10.7,1
1068,15,71,71,58,8.1,1
1069,15,69,68,72,8.6,1
1070,20,70,80,88,10.9,1
1071,15,77,63,66,11.0,1
1072,18,51,48,57,4.3,1
1073,21,81,79,68,9.7,1
1074,21,88,84,78,11.2,1
1075,17,63,52,55,8.7,1
1076,20,63,56,54,6.0,1
1077,17,44,34,35,1.0,0
1078,18,79,83,66,6.7,1
1079,21,81,73,67,9.7,1
1080,20,90,89,97,9.8,1
1081,18,50,44,44,1.2,0
1082,16,100,97,100,11.7,1
1083,21,99,87,91,7.6,1
1084,15,60,42,57,8.9,1
1085,16,73,56,48,3.5,1
1086,22,52,53,64,5.2,1
1087,18,55,51,59,5.6,1
1088,22,83,73,74,11.0,1
1089,17,91,94,100,10.6,1
1090,21,78,82,77,9.1,1
1091,18,61,45,40,6.2,0
1092,15,25,37,24,1.1,0
1093,17,71,75,85,11.6,1
1094,20,94,85,88,10.7,1
1095,16,62,70,62,4.4,1
1096,20,97,71,72,11.2,1
1097,19,59,57,48,6.7,1
1098,17,72,73,79,7.1,1
1099,15,56,52,46,3.5,1
1100,22,37,20,28,1.4,0
1101,17,67,60,63,2.4,1
1102,19,57,63,62,7.2,1
1103,17,79,65,58,5.6,1
1104,15,55,42,68,4.1,1
1105,16,86,89,73,10.2,1
1106,22,79,66,69,7.9,1
1107,22,38,61,48,4.6,0
1108,18,78,89,72,10.5,1
1109,21,45,40,31,2.0,0
1110,15,100,88,100,10.4,1
1111,17,31,33,24,2.3,0
1112,17,66,65,70,4.9,1
1113,21,48,51,36,6.2,0
1114,17,57,51,63,5.8,1
1115,18,47,53,63,8.1,1
1116,16,37,26,31,4.2,0
1117,17,75,60,74,8.5,1
1118,16,72,65,78,11.1,1
1119,19,32,52,41,4.9,0
1120,22,56,63,57,3.0,1
1121,19,36,35,54,4.5,0
1122,20,88,97,100,11.6,1
1123,19,98,96,92,10.6,1
1124,17,63,53,50,8.2,1
1125,22,46,49,37,4.3,0
1126,21,86,89,97,9.9,1
1127,18,96,80,78,10.4,1
1128,18,35,36,42,1.9,0
1129,17,67,73,65,9.1,1
1130,18,22,29,29,3.2,0
1131,21,87,90,92,11.8,1
1132,19,32,24,20,1.4,0
1133,22,50,40,45,3.6,0
1134,19,78,55,74,10.8,1
1135,20,55,52,45,5.9,1
1136,22,69,46,61,3.6,1
1137,22,49,52,33,2.4,0
1138,20,70,80,80,9.8,1
1139,16,79,73,73,8.3,1
1140,21,79,51,69,11.4,1
1141,20,83,87,64,10.7,1
1142,15,80,78,87,9.9,1
1143,22,50,59,48,3.8,1
1144,19,83,93,94,10.9,1
1145,15,79,77,72,11.2,1
1146,16,52,70,68,9.6,1
1147,16,52,40,58,2.8,1
1148,22,56,61,63,9.4,1
1149,17,70,49,48,2.4,1
1150,22,49,40,59,4.8,0
1151,20,83,56,67,7.9,1
1152,17,74,55,74,9.8,1
1153,20,75,69,61,11.4,1
1154,16,49,29,30,1.9,0
1155,15,44,68,61,8.3,1
1156,19,61,78,60,5.6,1
1157,20,93,75,89,11.0,1
1158,21,72,65,51,5.9,1
1159,20,78,88,92,10.8,1
1160,15,60,59,45,6.9,1
1161,19,37,32,47,3.4,0
1162,15,30,41,54,1.3,0
1163,21,94,84,100,11.9,1
1164,20,23,33,46,2.4,0
1165,15,76,88,77,6.0,1
1166,18,64,48,39,4.9,1
1167,21,70,50,56,6.7,1
1168,20,73,63,68,6.0,1
1169,21,74,66,80,10.8,1
1170,21,64,82,70,10.6,1
1171,22,72,60,69,9.0,1
1172,22,21,40,40,2.4,0
1173,22,52,47,42,1.4,0
1174,21,40,31,34,2.2,0
1175,19,94,86,81,11.9,1
1176,21,43,57,68,1.5,1
1177,22,30,40,33,1.0,0
1178,19,71,67,82,7.2,1
1179,17,65,57,68,9.4,1
1180,20,22,20,41,2.0,0
1181,20,80,84,73,7.0,1
1182,17,51,55,48,8.8,1
1183,16,100,78,88,8.1,1
1184,18,74,69,66,9.3,1
1185,15,69,60,46,4.0,1
1186,16,66,86,76,9.9,1
1187,15,56,46,53,4.7,1
1188,16,49,50,51,2.3,1
1189,16,54,76,65,2.7,1
1190,17,48,42,53,1.3,0
1191,20,62,74,70,3.8,1
1192,18,54,64,64,6.4,1
1193,22,68,55,54,7.1,1
1194,15,61,64,74,4.0,1
1195,17,50,44,44,4.4,0
1196,17,71,64,70,5.1,1
1197,22,28,38,39,1.5,0
1198,17,41,32,36,1.0,0
1199,21,89,97,88,12.0,1
1200,17,65,64,70,9.1,1
1201,17,95,97,100,9.0,1
1202,20,93,100,95,10.7,1
1203,19,56,47,60,3.7,1
1204,15,100,100,100,11.1,1
1205,15,62,49,40,8.4,1
1206,16,73,90,79,9.7,1
1207,22,72,64,54,8.4,1
1208,17,70,97,97,10.2,1
1209,18,61,56,77,5.9,1
1210,20,40,53,45,3.1,0
1211,22,100,96,88,11.6,1
1212,15,43,57,42,3.2,0
1213,22,62,45,40,2.9,0
1214,17,43,40,51,1.7,0
1215,18,76,83,81,10.7,1
1216,19,72,62,78,8.5,1
1217,15,87,70,75,10.4,1
1218,22,59,59,57,6.5,1
1219,21,67,52,74,6.9,1
1220,15,100,100,87,11.9,1
1221,18,49,46,43,2.8,0
1222,15,56,61,64,7.5,1
1223,18,83,90,95,11.5,1
1224,16,55,57,57,9.5,1
1225,16,93,100,89,11.7,1
1226,17,37,33,34,1.7,0
1227,16,62,62,67,8.5,1
1228,21,29,43,36,3.6,0
1229,21,71,89,71,10.7,1
1230,22,57,72,60,6.7,1
1231,18,99,87,100,10.9,1
1232,22,48,54,54,3.0,1
1233,20,55,69,70,4.4,1
1234,20,61,60,59,4.2,1
1235,18,59,68,75,6.6,1
1236,18,74,74,79,8.0,1
1237,22,70,72,59,7.6,1
1238,21,79,77,64,4.6,1
1239,15,57,68,74,8.0,1
1240,20,77,72,71,9.9,1
1241,15,44,42,48,1.8,0
1242,20,45,51,58,1.5,1
1243,17,45,62,49,4.7,1
1244,16,24,32,27,1.2,0
1245,18,67,43,36,4.4,0
1246,21,90,100,82,10.7,1
1247,18,54,51,66,6.9,1
1248,15,52,59,64,9.4,1
1249,18,28,56,26,1.6,0
1250,22,60,54,53,3.3,1
1251,21,61,60,69,9.3,1
1252,20,61,71,60,8.8,1
1253,21,62,78,90,8.0,1
1254,22,79,83,69,10.5,1
1255,20,70,60,72,3.8,1
1256,18,55,45,57,7.4,1
1257,21,47,55,48,5.0,1
1258,19,70,73,59,8.1,1
1259,16,80,84,83,9.6,1
1260,18,44,49,36,4.7,0
1261,19,38,48,31,3.1,0
1262,19,43,31,21,1.1,0
1263,21,78,66,60,10.0,1
1264,17,97,86,90,10.5,1
1265,22,60,55,62,8.9,1
1266,21,37,26,41,3.3,0
1267,17,41,47,44,4.4,0
1268,18,46,55,44,5.6,0
1269,20,64,79,82,7.5,1
1270,20,56,66,69,7.3,1
1271,21,42,37,39,3.2,0
1272,22,72,65,63,8.0,1
1273,22,60,39,47,1.3,0
1274,19,75,69,74,8.3,1
1275,21,61,50,68,5.3,1
1276,21,87,93,99,11.5,1
1277,22,32,39,47,2.7,0
1278,22,55,62,58,4.0,1
1279,18,72,71,83,6.8,1
1280,16,53,55,47,4.2,1
1281,19,51,60,67,5.3,1
1282,21,62,58,62,6.0,1
1283,15,48,48,48,3.6,0
1284,16,66,47,73,8.7,1
1285,16,95,94,86,11.9,1
1286,22,47,56,46,2.8,0
1287,22,39,54,56,5.2,0
1288,16,92,75,85,8.8,1
1289,16,85,75,77,7.0,1
1290,17,49,46,58,2.9,1
1291,21,42,42,52,2.9,0
1292,17,64,64,73,3.4,1
1293,16,57,69,55,5.3,1
1294,18,84,87,85,11.2,1
1295,15,69,61,75,4.7,1
1296,17,89,89,80,9.0,1
1297,18,75,73,81,7.9,1
1298,16,66,55,66,4.9,1
1299,22,37,40,40,3.4,0
1300,18,49,71,58,5.5,1
1301,17,60,50,50,3.8,1
1302,17,27,33,54,4.7,0
1303,22,62,51,63,1.7,1
1304,18,60,75,63,6.5,1
1305,16,37,48,48,4.4,0
1306,20,72,61,60,6.5,1
1307,22,77,63,61,9.1,1
1308,21,71,74,64,8.1,1
1309,18,73,81,66,3.3,1
1310,18,66,61,62,7.7,1
1311,22,54,47,48,1.8,0
1312,16,23,30,36,2.9,0
1313,21,80,69,73,9.0,1
1314,18,20,33,43,4.3,0
1315,22,48,53,56,1.9,1
1316,21,71,92,85,9.4,1
1317,16,83,95,98,9.3,1
1318,19,59,44,49,5.2,1
1319,20,37,37,38,2.5,0
1320,20,74,90,81,6.4,1
1321,22,55,74,39,4.4,1
1322,16,47,44,52,5.2,0
1323,20,48,43,36,6.6,0
1324,21,77,79,65,9.1,1
1325,15,63,57,72,8.7,1
1326,19,29,37,38,3.7,0
1327,16,75,64,70,8.1,1
1328,18,95,84,79,10.6,1
1329,21,52,79,57,7.4,1
1330,16,64,79,81,8.0,1
1331,21,79,75,79,8.7,1
1332,21,44,58,61,6.8,1
1333,17,73,42,60,3.2,1
1334,17,31,54,67,3.2,1
1335,21,61,60,60,5.8,1
1336,16,61,46,49,5.2,1
1337,16,52,25,20,1.1,0
1338,15,39,20,25,2.1,0
1339,19,78,70,80,11.3,1
1340,20,82,95,92,12.0,1
1341,15,90,100,100,11.7,1
1342,21,76,66,69,9.0,1
1343,19,81,75,91,11.5,1
1344,22,62,50,48,6.7,1
1345,20,35,36,27,1.2,0
1346,22,32,33,24,3.6,0
1347,22,89,100,96,11.9,1
1348,18,76,90,75,8.8,1
1349,15,37,39,35,2.4,0
1350,22,40,36,34,2.8,0
1351,18,54,79,74,2.9,1
1352,15,56,64,57,2.8,1
1353,19,82,76,70,8.3,1
1354,22,20,45,27,2.0,0
1355,16,67,58,51,8.1,1
1356,21,84,83,82,9.9,1
1357,18,88,95,67,9.2,1
1358,15,43,40,51,4.4,0
1359,20,82,78,74,9.8,1
1360,16,43,57,60,5.3,1
1361,18,52,56,58,6.5,1
1362,15,79,76,75,7.6,1
1363,22,77,73,70,7.9,1
1364,20,24,44,37,2.7,0
1365,15,73,88,82,11.2,1
1366,17,78,70,58,11.9,1
1367,21,47,46,43,5.3,0
1368,21,45,34,30,2.1,0
1369,19,66,60,56,6.0,1
1370,17,43,44,42,3.3,0
1371,16,77,86,75,8.5,1
1372,17,100,100,100,11.2,1
1373,20,79,79,82,7.5,1
1374,18,62,58,64,5.4,1
1375,16,78,85,99,9.6,1
1376,20,42,28,25,1.1,0
1377,18,20,22,37,1.3,0
1378,17,71,70,75,5.2,1
1379,20,45,59,66,1.7,1
1380,15,50,60,63,5.3,1
1381,16,91,92,91,9.3,1
1382,17,29,37,29,1.1,0
1383,17,52,42,41,2.0,0
1384,19,42,45,44,5.0,0
1385,19,52,55,67,1.5,1
1386,17,53,69,61,7.3,1
1387,18,69,75,72,8.6,1
1388,18,78,79,85,11.5,1
1389,21,46,45,34,1.8,0
1390,16,59,79,80,11.4,1
1391,19,82,79,95,11.9,1
1392,17,96,74,76,5.6,1
1393,18,45,40,42,1.9,0
1394,16,56,54,46,5.0,1
1395,15,46,60,43,2.1,0
1396,16,36,47,34,2.9,0
1397,20,74,68,71,8.7,1
1398,17,47,56,41,4.5,0
1399,21,62,57,61,6.2,1
1400,17,33,45,30,2.6,0
1401,20,85,72,69,8.8,1
1402,20,70,53,79,9.8,1
1403,18,52,61,71,4.4,1
1404,16,79,85,82,8.0,1
1405,16,61,79,50,9.2,1
1406,21,75,64,77,8.4,1
1407,16,29,40,28,5.5,0
1408,20,27,54,32,3.7,0
1409,15,80,90,76,7.7,1
1410,18,44,39,42,2.9,0
1411,22,55,57,49,5.2,1
1412,16,43,54,43,4.2,0
1413,21,56,29,27,3.4,0
1414,15,91,100,100,11.3,1
1415,22,53,56,49,4.6,1
1416,20,31,20,26,1.1,0
1417,21,36,33,31,2.4,0
1418,21,54,35,40,5.1,0
1419,22,67,65,65,8.2,1
1420,18,44,33,43,2.2,0
1421,15,56,44,42,2.8,0
1422,21,47,56,56,6.4,1
1423,21,72,76,82,6.5,1
1424,16,90,97,85,9.7,1
1425,15,75,56,49,8.5,1
1426,19,63,50,50,4.1,1
1427,17,34,56,50,3.7,0
1428,21,27,38,32,3.2,0
1429,17,45,56,57,3.1,1
1430,21,58,50,64,1.4,1
1431,16,80,66,52,10.5,1
1432,18,42,37,36,4.7,0
1433,19,65,70,86,5.0,1
1434,17,56,54,61,1.4,1
1435,16,67,56,61,5.7,1
1436,15,68,63,84,8.5,1
1437,20,56,49,47,3.6,1
1438,16,54,60,53,1.5,1
1439,22,100,90,100,11.2,1
1440,18,70,56,73,6.9,1
1441,20,72,71,67,10.8,1
1442,21,76,84,86,6.8,1
1443,17,53,59,53,4.2,1
1444,21,48,57,54,6.4,1
1445,21,62,55,56,7.2,1
1446,18,91,81,89,7.5,1
1447,19,66,49,52,4.3,1
1448,15,71,66,58,6.9,1
1449,17,42,53,68,4.0,1
1450,16,36,24,29,1.0,0
1451,19,68,61,65,8.9,1
1452,15,100,94,100,10.1,1
1453,16,47,64,76,8.9,1
1454,18,87,68,74,10.0,1
1455,21,58,33,58,2.7,0
1456,16,48,49,53,6.5,1
1457,17,77,79,83,8.1,1
1458,18,48,63,34,1.8,0
1459,16,95,89,86,9.0,1
1460,21,31,42,41,1.2,0
1461,18,93,63,66,9.5,1
1462,15,100,93,100,11.5,1
1463,18,26,46,37,2.5,0
1464,22,62,55,54,2.7,1
1465,15,46,39,33,2.1,0
1466,18,33,28,26,1.3,0
1467,21,51,43,69,8.6,1
1468,18,47,46,46,2.1,0
1469,16,76,68,77,10.9,1
1470,21,33,42,32,2.7,0
1471,16,40,38,57,4.0,0
1472,16,79,97,91,9.7,1
1473,17,39,50,53,5.3,0
1474,21,90,92,87,11.6,1
1475,21,43,53,41,4.9,0
1476,20,57,56,70,2.5,1
1477,22,61,61,64,6.9,1
1478,18,74,75,73,8.7,1
1479,22,89,81,100,11.5,1
1480,17,75,80,59,4.2,1
1481,18,62,58,57,3.3,1
1482,17,84,72,90,5.2,1
1483,16,53,58,59,6.2,1
1484,18,20,25,26,1.8,0
1485,17,66,67,77,9.2,1
1486,15,76,75,65,4.2,1
1487,17,32,50,35,1.1,0
1488,19,69,65,71,11.1,1
1489,16,68,71,79,6.7,1
1490,18,48,65,66,5.3,1
1491,22,48,53,57,6.3,1
1492,20,75,81,77,8.1,1
1493,20,43,43,38,1.3,0
1494,19,69,52,55,3.1,1
1495,15,64,59,84,7.2,1
1496,15,69,82,89,11.8,1
1497,21,88,97,95,9.0,1
1498,16,61,65,54,6.5,1
1499,15,64,60,55,4.2,1
1500,18,77,89,83,10.7,1
1501,20,69,51,51,5.9,1
1502,15,77,88,96,10.8,1
1503,16,47,59,58,11.5,1
1504,19,79,85,83,7.0,1
1505,20,46,36,39,2.9,0
1506,16,39,39,47,3.0,0
1507,22,77,72,73,8.2,1
1508,19,56,76,76,5.4,1
1509,20,41,49,66,5.1,1
1510,15,48,59,73,7.8,1
1511,15,55,36,44,2.7,0
1512,18,53,40,54,5.3,0
1513,22,46,50,41,2.2,0
1514,21,48,51,41,3.2,0
1515,22,32,33,28,2.3,0
1516,18,67,52,78,4.5,1
1517,20,84,85,87,9.7,1
1518,21,44,54,50,4.0,0
1519,19,75,76,89,10.6,1
1520,17,100,91,100,10.1,1
1521,17,53,43,53,3.2,0
1522,21,43,64,51,4.9,1
1523,18,23,22,53,1.9,0
1524,20,43,47,54,1.2,0
1525,21,20,59,38,3.9,0
1526,22,66,67,62,8.0,1
1527,17,74,73,80,7.6,1
1528,15,55,44,63,5.1,1
1529,16,59,60,70,8.7,1
1530,21,60,68,72,6.8,1
1531,17,78,68,82,7.1,1
1532,21,44,66,60,8.0,1
1533,16,98,84,85,9.9,1
1534,22,60,60,60,9.2,1
1535,15,71,77,65,8.3,1
1536,16,41,58,37,3.2,0
1537,21,63,59,85,11.0,1
1538,18,73,55,77,6.6,1
1539,21,94,95,94,8.4,1
1540,20,63,62,69,10.2,1
1541,21,54,45,43,3.7,0
1542,21,20,31,39,2.4,0
1543,17,81,62,73,5.8,1
1544,21,71,57,69,10.3,1
1545,18,41,42,36,2.0,0
1546,16,84,93,81,7.3,1
1547,20,36,46,55,3.1,0
1548,21,67,83,68,9.5,1
1549,16,43,49,50,2.2,0
1550,17,30,34,23,2.0,0
1551,22,73,64,64,9.7,1
1552,21,63,48,42,5.1,1
1553,15,67,79,73,10.9,1
1554,20,76,71,74,11.9,1
1555,19,88,96,88,11.2,1
1556,17,45,37,33,3.4,0
1557,16,80,62,84,9.0,1
1558,20,60,70,59,8.8,1
1559,21,90,92,75,11.1,1
1560,21,33,46,48,2.1,0
1561,22,49,45,53,5.8,0
1562,16,61,48,64,7.7,1
1563,16,65,78,87,5.9,1
1564,20,80,66,72,5.4,1
1565,18,27,34,29,1.8,0
1566,20,66,65,68,8.6,1
1567,18,62,52,55,7.2,1
1568,19,86,86,82,8.9,1
1569,21,61,56,58,8.5,1
1570,22,72,76,76,6.5,1
1571,20,69,81,69,7.5,1
1572,15,95,66,90,11.0,1
1573,15,65,68,57,4.7,1
1574,19,42,43,47,4.0,0
1575,15,44,65,35,5.3,0
1576,16,84,88,100,10.3,1
1577,17,45,29,36,2.2,0
1578,18,68,81,81,9.0,1
1579,15,46,53,49,3.9,0
1580,20,67,69,58,8.6,1
1581,22,43,25,31,2.3,0
1582,21,55,64,73,8.0,1
1583,22,93,82,87,11.7,1
1584,19,74,63,74,8.8,1
1585,18,87,86,94,8.6,1
1586,22,85,84,92,10.0,1
1587,20,80,78,80,9.4,1
1588,17,45,35,22,3.4,0
1589,21,49,38,59,3.1,0
1590,16,45,55,71,2.6,1
1591,17,38,34,40,3.9,0
1592,16,64,50,59,4.9,1
1593,22,68,60,53,4.0,1
1594,19,54,41,43,3.1,0
1595,16,41,57,59,8.5,1
1596,15,77,64,83,7.3,1
1597,21,77,74,65,5.3,1
1598,18,59,46,42,2.9,0
1599,15,24,20,25,2.0,0
1600,18,37,37,49,2.9,0
1601,15,70,85,67,8.3,1
1602,17,72,90,78,8.5,1
1603,22,80,92,81,10.6,1
1604,19,74,77,77,10.2,1
1605,19,81,67,81,9.8,1
1606,22,34,28,37,3.8,0
1607,22,22,56,37,2.2,0
1608,18,86,79,92,8.3,1
1609,21,49,65,51,5.0,1
1610,19,58,54,80,10.6,1
1611,17,25,34,45,3.9,0
1612,19,66,57,72,4.4,1
1613,21,56,60,65,9.7,1
1614,15,49,70,74,6.5,1
1615,17,61,49,47,4.3,1
1616,19,95,96,89,10.1,1
1617,15,63,52,41,1.5,1
1618,17,81,85,77,11.5,1
1619,16,77,73,85,4.2,1
1620,21,61,61,69,5.6,1
1621,19,32,27,21,2.9,0
1622,18,45,40,49,3.8,0
1623,22,61,46,52,7.0,1
1624,22,57,53,63,8.6,1
1625,22,57,37,48,5.6,0
1626,21,67,56,43,2.0,1
1627,20,26,25,42,2.4,0
1628,21,28,37,27,2.4,0
1629,15,59,44,42,1.9,0
1630,19,43,66,66,7.2,1
1631,15,59,64,59,8.7,1
1632,17,62,49,40,4.3,1
1633,18,55,57,57,2.3,1
1634,18,53,38,63,2.1,1
1635,19,74,81,67,5.5,1
1636,22,68,71,70,10.5,1
1637,18,33,37,44,2.9,0
1638,16,73,63,80,11.6,1
1639,16,58,61,66,6.1,1
1640,21,41,39,23,1.1,0
1641,15,85,88,75,11.0,1
1642,15,88,69,76,11.8,1
1643,21,69,59,57,6.6,1
1644,22,70,76,69,8.9,1
1645,21,37,55,42,1.8,0
1646,17,75,77,81,7.3,1
1647,20,50,57,53,7.5,1
1648,15,87,99,95,10.4,1
1649,22,68,67,47,4.6,1
1650,16,100,94,85,10.9,1
1651,16,40,38,29,1.7,0
1652,20,65,75,91,7.7,1
1653,21,26,37,42,2.5,0
1654,19,38,33,44,3.5,0
1655,16,48,60,70,7.4,1
1656,15,49,49,46,5.0,0
1657,22,64,42,50,3.1,1
1658,17,70,73,58,9.8,1
1659,17,80,77,87,9.6,1
1660,20,33,43,32,1.2,0
1661,20,41,65,61,1.7,1
1662,19,75,78,77,5.4,1
1663,19,82,86,97,8.2,1
1664,15,23,37,21,2.5,0
1665,15,78,80,62,3.6,1
1666,15,66,62,44,4.8,1
1667,22,88,95,88,11.4,1
1668,20,66,53,51,5.7,1
1669,15,32,31,32,1.3,0
1670,15,86,78,73,7.1,1
1671,21,71,55,57,7.0,1
1672,20,43,43,52,3.1,0
1673,18,43,55,57,5.5,1
1674,15,85,91,85,10.6,1
1675,19,38,29,35,1.5,0
1676,21,66,64,74,6.3,1
1677,22,66,87,75,8.8,1
1678,19,82,83,80,11.4,1
1679,19,46,43,54,4.5,0
1680,22,56,57,51,4.1,1
1681,18,25,44,40,2.4,0
1682,22,66,63,65,8.1,1
1683,19,79,74,65,7.5,1
1684,21,62,73,69,6.4,1
1685,17,54,70,59,8.3,1
1686,15,78,88,79,11.0,1
1687,18,78,58,69,9.3,1
1688,15,49,62,53,9.9,1
1689,22,41,53,75,5.7,1
1690,22,78,95,82,9.2,1
1691,19,49,35,46,1.9,0
1692,19,33,49,35,5.0,0
1693,16,29,46,34,4.4,0
1694,15,37,20,35,5.8,0
1695,18,52,62,47,5.5,1
1696,16,72,57,67,5.8,1
1697,18,86,81,79,7.9,1
1698,15,33,30,43,3.0,0
1699,18,30,36,48,1.7,0
1700,20,73,78,77,6.9,1
1701,16,70,53,74,6.6,1
1702,21,34,42,33,1.8,0
1703,20,47,20,45,4.7,0
1704,15,71,67,65,2.8,1
1705,18,61,51,61,9.9,1
1706,20,84,74,73,11.3,1
1707,16,100,91,100,11.5,1
1708,21,90,82,68,6.9,1
1709,22,66,62,53,4.5,1
1710,20,56,33,28,3.5,0
1711,21,55,57,41,5.0,1
1712,18,53,50,44,5.9,0
1713,18,72,70,71,9.5,1
1714,19,67,57,61,4.8,1
1715,22,56,74,72,8.0,1
1716,16,46,55,60,5.6,1
1717,15,87,95,91,10.2,1
1718,21,84,66,73,10.9,1
1719,16,51,54,55,4.7,1
1720,15,51,70,54,1.8,1
1721,21,46,51,58,4.2,1
1722,16,57,52,49,2.7,1
1723,20,45,49,44,5.8,0
1724,19,76,64,72,6.4,1
1725,21,46,40,37,4.1,0
1726,18,71,51,61,5.7,1
1727,17,48,44,35,2.3,0
1728,19,71,87,86,11.9,1
1729,18,59,57,58,7.1,1
1730,18,35,42,54,1.1,0
1731,21,54,55,60,9.1,1
1732,16,54,69,33,5.9,1
1733,16,81,94,97,11.7,1
1734,17,71,46,59,6.6,1
1735,20,89,85,79,10.8,1
1736,18,56,81,73,10.3,1
1737,15,22,32,36,3.7,0
1738,22,37,48,55,2.7,0
1739,16,87,100,97,11.5,1
1740,18,91,80,81,8.8,1
1741,18,56,58,61,8.0,1
1742,18,69,69,69,10.6,1
1743,22,76,66,47,4.2,1
1744,21,92,88,87,11.7,1
1745,20,72,77,77,8.3,1
1746,22,65,66,72,7.6,1
1747,21,33,36,46,1.7,0
1748,22,60,52,58,5.7,1
1749,15,46,43,45,4.4,0
1750,16,75,78,79,11.4,1
1751,15,98,100,85,9.8,1
1752,16,60,63,66,8.2,1
1753,21,99,90,81,10.5,1
1754,18,66,73,54,7.1,1
1755,16,60,62,64,6.5,1
1756,18,22,31,42,1.4,0
1757,19,97,89,80,10.5,1
1758,15,33,50,53,1.2,0
1759,21,34,34,47,3.1,0
1760,15,48,57,45,4.3,1
1761,21,84,64,69,4.2,1
1762,18,71,85,68,5.2,1
1763,16,57,59,49,6.0,1
1764,22,54,68,40,7.2,1
1765,16,90,69,70,7.2,1
1766,21,55,47,50,7.8,1
1767,22,52,49,51,3.8,1
1768,21,87,73,78,10.6,1
1769,22,41,44,37,4.4,0
1770,16,83,82,82,11.1,1
1771,16,27,27,21,2.8,0
1772,17,63,69,58,7.9,1
1773,15,46,54,38,4.3,0
1774,20,67,65,66,7.8,1
1775,18,85,81,82,9.8,1
1776,18,95,100,97,11.3,1
1777,22,32,50,39,1.1,0
1778,19,78,71,75,8.7,1
1779,22,85,85,75,7.5,1
1780,15,97,90,75,11.2,1
1781,19,38,46,53,5.0,0
1782,18,59,47,54,1.9,1
1783,16,26,20,34,2.4,0
1784,19,75,91,83,11.6,1
1785,15,82,83,78,9.6,1
1786,17,65,69,64,6.2,1
1787,22,51,50,44,5.7,0
1788,21,53,43,56,5.2,1
1789,16,80,100,92,10.7,1
1790,17,66,73,58,10.2,1
1791,21,94,88,68,8.2,1
1792,20,87,96,77,9.0,1
1793,21,74,88,92,5.1,1
1794,18,37,29,38,1.1,0
1795,15,77,73,76,7.7,1
1796,19,65,74,64,4.0,1
1797,22,75,66,84,12.0,1
1798,16,60,65,68,1.4,1
1799,17,38,30,46,1.9,0
1800,20,20,20,23,2.1,0
1801,15,28,47,40,4.7,0
1802,20,69,79,62,6.7,1
1803,16,41,45,50,3.1,0
1804,15,62,59,65,4.0,1
1805,15,45,32,50,4.4,0
1806,16,62,72,68,7.2,1
1807,17,49,51,52,4.5,1
1808,20,64,73,88,6.1,1
1809,18,68,70,79,9.2,1
1810,19,44,45,54,2.5,0
1811,17,96,94,92,11.8,1
1812,20,40,36,36,4.8,0
1813,15,79,58,71,11.4,1
1814,21,47,63,72,4.8,1
1815,19,35,39,41,2.0,0
1816,16,49,48,57,6.7,1
1817,21,74,84,82,8.2,1
1818,15,35,38,31,2.7,0
1819,20,46,60,47,4.4,1
1820,22,49,56,62,7.5,1
1821,20,58,75,62,7.6,1
1822,18,81,74,93,9.4,1
1823,21,74,67,80,7.5,1
1824,18,80,75,70,11.5,1
1825,15,94,85,73,11.7,1
1826,17,52,60,62,6.1,1
1827,17,52,49,61,3.6,1
1828,20,41,30,35,1.1,0
1829,18,62,72,62,11.0,1
1830,16,63,40,50,5.3,1
1831,19,70,76,80,10.0,1
1832,22,73,78,70,8.4,1
1833,18,58,35,36,5.1,0
1834,16,78,76,82,8.1,1
1835,20,62,53,69,5.2,1
1836,22,44,53,57,1.4,1
1837,16,79,86,83,6.1,1
1838,15,59,51,51,2.8,1
1839,21,70,67,63,5.6,1
1840,22,53,77,47,6.5,1
1841,16,89,81,98,9.6,1
1842,17,46,49,59,1.1,1
1843,22,56,62,49,5.8,1
1844,15,75,77,86,10.8,1
1845,15,75,76,69,7.0,1
1846,15,68,65,60,7.6,1
1847,16,71,51,69,6.9,1
1848,20,80,92,72,11.7,1
1849,22,37,25,27,1.4,0
1850,16,59,71,54,5.2,1
1851,21,75,61,50,5.4,1
1852,16,78,78,82,10.2,1
1853,19,48,50,49,7.8,0
1854,22,51,52,49,3.4,1
1855,15,74,80,89,7.7,1
1856,15,68,59,76,9.6,1
1857,20,55,44,53,2.1,1
1858,22,56,47,73,7.5,1
1859,15,59,55,58,4.8,1
1860,22,30,41,43,3.3,0
1861,16,58,67,83,7.9,1
1862,20,42,46,52,4.3,0
1863,17,56,61,46,7.9,1
1864,19,58,61,56,7.1,1
1865,16,71,42,44,2.1,1
1866,17,100,97,100,9.4,1
1867,18,46,48,53,5.6,0
1868,20,54,44,63,6.5,1
1869,19,64,61,64,10.1,1
1870,20,58,77,74,9.4,1
1871,21,82,73,73,11.7,1
1872,16,46,62,70,7.6,1
1873,22,74,63,66,8.5,1
1874,21,66,82,84,7.1,1
1875,18,58,62,71,2.9,1
1876,15,40,20,24,3.3,0
1877,17,83,77,79,11.7,1
1878,17,44,47,35,3.7,0
1879,21,100,100,100,10.5,1
1880,19,65,49,53,10.7,1
1881,15,58,66,46,5.8,1
1882,15,43,47,45,5.0,0
1883,16,39,37,43,2.1,0
1884,17,48,52,61,5.0,1
1885,19,35,45,32,2.1,0
1886,18,78,63,75,9.3,1
1887,19,44,56,57,7.3,1
1888,18,64,64,80,10.7,1
1889,19,55,52,40,6.2,0
1890,17,68,75,88,7.7,1
1891,19,53,36,51,2.6,0
1892,21,70,76,74,6.2,1
1893,20,60,37,34,6.8,0
1894,22,45,52,43,2.9,0
1895,19,63,54,50,3.3,1
1896,18,37,45,24,4.9,0
1897,18,75,60,60,9.2,1
1898,16,65,65,68,4.0,1
1899,15,51,53,47,5.9,1
1900,18,41,52,45,3.5,0
1901,19,60,62,53,2.0,1
1902,19,50,32,35,1.7,0
1903,15,44,50,50,4.5,0
1904,18,23,28,30,2.1,0
1905,21,100,99,93,10.5,1
1906,22,97,87,100,11.9,1
1907,20,36,33,53,6.6,0
1908,18,40,46,46,4.8,0
1909,17,70,45,51,6.4,1
1910,16,71,79,69,9.4,1
1911,17,54,48,57,3.1,1
1912,22,46,32,34,2.1,0
1913,17,43,47,50,3.1,0
1914,20,100,100,88,11.5,1
1915,19,64,49,38,3.5,1
1916,19,53,35,46,4.7,0
1917,21,100,100,100,9.4,1
1918,17,87,87,83,11.7,1
1919,19,49,46,37,4.2,0
1920,18,65,70,74,9.8,1
1921,17,38,20,41,4.6,0
1922,15,71,56,52,9.6,1
1923,21,49,38,45,1.7,0
1924,19,62,45,64,2.2,1
1925,21,82,80,85,10.1,1
1926,22,27,32,43,3.7,0
1927,19,94,92,74,8.6,1
1928,20,86,76,70,11.5,1
1929,20,54,46,41,6.2,0
1930,19,71,67,66,7.6,1
1931,22,78,88,80,9.8,1
1932,21,100,100,100,12.0,1
1933,19,45,35,47,7.3,0
1934,16,55,85,79,6.8,1
1935,18,69,76,86,9.3,1
1936,17,89,78,92,8.2,1
1937,21,81,71,71,10.8,1
1938,15,43,42,52,3.5,0
1939,20,56,68,44,6.9,1
1940,17,56,58,56,3.1,1
1941,15,48,50,60,9.6,1
1942,18,77,78,72,8.2,1
1943,18,100,100,96,9.5,1
1944,21,38,50,52,1.3,0
1945,22,67,61,56,5.4,1
1946,17,47,55,57,6.6,1
1947,22,75,50,57,9.1,1
1948,16,78,80,79,9.8,1
1949,15,43,39,38,5.2,0
1950,19,69,53,93,10.2,1
1951,16,63,99,80,8.2,1
1952,20,36,50,41,1.5,0
1953,17,70,78,58,8.6,1
1954,19,52,59,67,5.1,1
1955,17,73,81,75,9.2,1
1956,17,47,28,50,1.3,0
1957,20,39,26,41,1.3,0
1958,17,96,86,88,11.0,1
1959,17,40,33,37,2.1,0
1960,22,50,27,47,6.1,0
1961,15,34,38,39,4.4,0
1962,20,82,70,85,11.5,1
1963,18,22,31,33,2.4,0
1964,16,82,71,77,8.9,1
1965,19,65,57,66,4.6,1
1966,19,90,78,75,9.4,1
1967,15,69,86,58,9.2,1
1968,15,63,64,66,2.6,1
1969,22,63,57,44,6.3,1
1970,22,83,69,86,11.9,1
1971,20,55,62,50,4.7,1
1972,22,60,64,66,8.3,1
1973,20,72,88,83,5.7,1
1974,16,36,35,47,2.3,0
1975,16,93,100,79,11.6,1
1976,18,23,39,48,2.6,0
1977,17,62,53,60,7.2,1
1978,17,63,52,52,5.1,1
1979,17,72,75,77,6.9,1
1980,21,60,80,67,4.3,1
1981,17,76,70,61,8.9,1
1982,18,53,74,69,11.2,1
1983,17,93,97,72,6.3,1
1984,21,65,77,86,9.6,1
1985,16,51,42,60,3.5,1
1986,17,56,46,61,3.3,1
1987,19,55,66,74,6.8,1
1988,16,57,70,51,7.0,1
1989,20,85,88,80,10.6,1
1990,22,77,72,59,5.7,1
1991,19,91,66,68,3.5,1
1992,20,47,52,47,3.7,0
1993,15,70,74,69,8.0,1
1994,19,73,62,70,8.0,1
1995,15,37,32,43,2.1,0
1996,19,31,29,37,2.1,0
1997,21,70,82,79,7.7,1
1998,16,88,71,88,7.3,1
1999,21,77,74,72,10.0,1
2000,22,40,47,32,7.3,0
2001,21,86,100,87,8.4,1
2002,16,49,32,53,4.2,0
2003,20,82,65,73,10.0,1
2004,15,37,49,43,4.6,0
2005,20,61,80,84,9.1,1
2006,16,32,44,36,4.7,0
2007,19,26,34,46,2.1,0
2008,17,97,75,82,9.3,1
2009,22,65,83,88,10.9,1
2010,19,71,81,71,11.0,1
2011,21,74,68,55,7.8,1
2012,21,93,84,90,10.4,1
2013,21,54,63,53,2.1,1
2014,16,70,56,60,4.6,1
2015,19,51,42,54,1.3,0
2016,22,72,70,72,8.1,1
2017,22,75,62,66,10.2,1
2018,21,76,90,78,7.9,1
2019,20,85,93,67,9.8,1
2020,20,83,71,91,6.9,1
2021,18,73,95,63,9.8,1
2022,22,88,80,86,6.9,1
2023,18,56,50,51,6.1,1
2024,21,40,29,44,1.7,0
2025,20,57,47,75,6.2,1
2026,19,77,79,72,7.3,1
2027,17,99,79,88,11.8,1
2028,20,42,40,59,3.6,0
2029,20,85,86,75,10.5,1
2030,16,50,52,47,7.8,0
2031,17,100,100,96,10.2,1
2032,16,56,58,70,11.4,1
2033,22,43,32,49,2.5,0
2034,19,73,69,89,6.5,1
2035,16,43,64,55,4.7,1
2036,15,73,74,72,8.5,1
2037,20,80,62,71,5.2,1
2038,17,37,42,48,3.1,0
2039,17,41,44,33,7.6,0
2040,17,59,53,54,6.6,1
2041,16,82,73,80,9.9,1
2042,17,71,88,70,10.9,1
2043,22,74,72,77,11.2,1
2044,16,53,50,43,4.7,0
2045,21,72,48,65,1.5,1
2046,16,100,100,88,10.3,1
2047,21,66,80,81,9.3,1
2048,19,81,78,78,11.4,1
2049,16,43,28,42,4.5,0
2050,19,64,92,78,9.5,1
2051,19,73,87,89,10.8,1
2052,15,74,80,91,6.9,1
2053,15,68,60,75,10.1,1
2054,20,80,74,80,8.5,1
2055,18,82,83,91,8.8,1
2056,15,33,26,26,1.5,0
2057,18,75,82,86,8.3,1
2058,18,55,60,61,5.1,1
2059,19,76,79,63,10.7,1
2060,18,59,72,74,11.3,1
2061,21,54,60,53,5.1,1
2062,15,64,46,60,7.9,1
2063,18,46,44,40,1.8,0
2064,20,22,39,30,2.8,0
2065,19,71,64,64,6.9,1
2066,18,73,94,95,11.5,1
2067,22,65,61,65,6.3,1
2068,16,34,47,48,3.7,0
2069,15,43,45,31,8.3,0
2070,15,72,92,69,7.3,1
2071,20,61,49,76,6.1,1
2072,16,36,40,39,3.5,0
2073,22,49,35,37,1.8,0
2074,20,26,23,31,1.6,0
2075,17,75,83,66,9.0,1
2076,15,33,39,35,5.2,0
2077,18,91,100,91,9.4,1
2078,22,76,74,75,11.3,1
2079,18,60,74,64,8.5,1
2080,17,61,62,77,6.0,1
2081,21,91,100,98,12.0,1
2082,17,28,34,20,1.5,0
2083,17,81,59,70,10.2,1
2084,22,57,48,59,5.9,1
2085,18,35,57,41,3.7,0
2086,20,64,58,74,10.9,1
2087,18,46,27,49,5.3,0
2088,21,50,44,47,1.6,0
2089,21,34,21,38,3.0,0
2090,19,69,75,73,11.8,1
2091,18,45,39,26,2.7,0
2092,22,60,63,48,4.5,1
2093,16,80,81,77,9.7,1
2094,16,54,60,61,4.4,1
2095,16,60,70,58,5.0,1
2096,17,67,65,58,4.2,1
2097,21,45,39,45,2.3,0
2098,19,83,93,91,8.6,1
2099,22,64,51,62,2.1,1
2100,15,75,66,80,7.4,1
2101,22,100,92,100,10.8,1
2102,16,90,86,96,10.8,1
2103,17,56,68,75,2.2,1
2104,19,76,66,69,8.8,1
2105,15,29,38,47,7.8,0
2106,19,89,88,95,11.8,1
2107,18,97,67,76,8.7,1
2108,22,71,82,57,8.3,1
2109,15,86,91,80,9.1,1
2110,15,79,65,78,8.6,1
2111,21,60,42,34,5.5,0
2112,22,64,53,47,4.1,1
2113,20,83,93,94,10.5,1
2114,18,38,39,21,1.8,0
2115,16,54,61,45,1.1,1
2116,17,88,87,87,7.4,1
2117,16,75,89,64,7.7,1
2118,17,40,42,35,2.0,0
2119,15,71,69,77,8.9,1
2120,22,77,64,57,7.7,1
2121,15,55,61,54,5.9,1
2122,18,69,75,78,8.7,1
2123,18,27,27,29,2.8,0
2124,19,54,47,47,3.4,0
2125,19,54,35,53,4.1,0
2126,15,67,71,58,7.8,1
2127,15,78,86,66,11.7,1
2128,16,58,56,76,7.3,1
2129,20,56,68,63,6.5,1
2130,17,37,20,35,1.5,0
2131,21,64,77,79,6.1,1
2132,21,89,87,100,11.4,1
2133,17,75,72,70,5.4,1
2134,17,59,57,63,3.4,1
2135,22,67,42,46,5.3,1
2136,22,57,63,50,7.7,1
2137,15,86,70,63,4.9,1
2138,17,59,63,65,3.6,1
2139,19,70,56,57,7.9,1
2140,17,65,57,54,6.8,1
2141,22,31,30,35,1.7,0
2142,18,90,100,91,11.0,1
2143,19,54,58,61,7.1,1
2144,20,50,55,47,9.6,1
2145,18,60,56,59,6.4,1
2146,17,84,66,69,7.9,1
2147,19,36,35,20,1.7,0
2148,20,90,83,83,10.3,1
2149,22,51,64,71,7.2,1
2150,18,49,61,62,10.1,1
2151,15,95,78,95,9.1,1
2152,21,73,80,84,8.7,1
2153,15,68,54,75,8.2,1
2154,17,58,48,57,5.9,1
2155,19,74,62,74,6.0,1
2156,20,100,94,99,11.5,1
2157,20,80,72,81,10.1,1
2158,17,52,52,64,4.6,1
2159,15,100,100,100,10.7,1
2160,16,50,46,43,2.5,0
2161,20,90,83,73,11.7,1
2162,15,51,66,69,6.8,1
2163,18,87,75,81,5.9,1
2164,15,37,47,43,1.6,0
2165,18,90,88,99,11.4,1
2166,21,27,31,26,1.2,0
2167,16,28,30,30,1.4,0
2168,16,65,55,57,7.4,1
2169,15,78,76,81,11.1,1
2170,17,75,86,97,10.2,1
2171,21,42,31,33,2.3,0
2172,21,59,68,65,3.3,1
2173,18,25,36,20,3.2,0
2174,19,71,53,61,5.0,1
2175,19,48,56,34,3.4,0
2176,18,46,51,61,6.5,1
2177,17,73,75,60,11.1,1
2178,18,39,42,40,1.9,0
2179,15,91,87,100,11.4,1
2180,17,39,43,28,2.1,0
2181,20,37,39,20,1.8,0
2182,19,25,38,20,2.6,0
2183,16,72,100,88,11.1,1
2184,22,65,40,61,2.9,1
2185,19,37,46,42,4.0,0
2186,16,56,46,58,5.4,1
2187,17,84,98,91,11.7,1
2188,19,67,71,84,8.8,1
2189,18,47,37,34,3.6,0
2190,21,46,57,47,7.1,1
2191,19,40,41,46,5.0,0
2192,20,64,61,60,9.0,1
2193,21,71,79,82,5.1,1
2194,22,61,55,53,8.4,1
2195,17,53,46,30,4.7,0
2196,17,86,76,71,10.8,1
2197,20,63,68,63,6.9,1
2198,18,74,83,49,10.1,1
2199,15,53,38,50,6.7,0
2200,18,66,68,88,8.5,1
2201,20,60,45,59,7.0,1
2202,21,79,77,76,8.6,1
2203,18,82,98,86,8.9,1
2204,16,79,65,72,8.6,1
2205,16,89,86,93,11.5,1
2206,16,34,44,29,1.7,0
2207,15,77,72,78,8.7,1
2208,22,50,66,56,8.0,1
2209,20,20,23,37,1.3,0
2210,16,31,51,36,5.6,0
2211,15,69,77,75,5.2,1
2212,16,24,44,32,1.9,0
2213,20,50,46,64,3.7,1
2214,22,46,56,57,3.4,1
2215,15,78,63,78,11.3,1
2216,21,60,63,67,9.8,1
2217,22,30,36,28,2.9,0
2218,21,64,54,60,2.2,1
2219,15,44,59,62,5.3,1
2220,19,47,40,32,3.0,0
2221,22,82,86,87,9.9,1
2222,15,57,58,49,5.8,1
2223,20,84,77,88,8.0,1
2224,21,64,51,48,1.7,1
2225,18,85,94,97,11.0,1
2226,18,68,68,72,5.9,1
2227,17,70,71,75,7.4,1
2228,21,57,60,59,1.1,1
2229,15,48,55,63,4.3,1
2230,18,35,40,38,3.1,0
2231,16,58,53,49,2.6,1
2232,16,79,70,59,7.2,1
2233,18,74,73,68,10.1,1
2234,21,20,20,32,1.3,0
2235,18,93,89,69,9.2,1
2236,17,35,46,41,3.7,0
2237,21,65,63,65,1.7,1
2238,20,59,54,47,4.1,1
2239,20,85,79,93,11.1,1
2240,17,75,65,78,6.2,1
2241,16,54,45,57,3.8,1
2242,20,87,90,100,11.2,1
2243,18,69,69,78,10.1,1
2244,18,78,82,75,9.5,1
2245,20,65,58,69,8.8,1
2246,16,77,89,98,9.0,1
2247,20,30,38,47,3.0,0
2248,19,79,77,80,11.3,1
2249,16,77,100,99,11.6,1
2250,19,63,51,53,11.2,1
2251,21,58,66,54,3.2,1
2252,22,60,66,66,5.8,1
2253,15,43,37,40,1.5,0
2254,16,78,91,76,11.2,1
2255,15,54,55,62,2.2,1
2256,18,59,47,56,7.8,1
2257,17,20,31,40,1.3,0
2258,21,20,38,34,3.2,0
2259,19,89,79,88,9.9,1
2260,17,87,100,91,10.8,1
2261,21,54,59,62,7.4,1
2262,16,53,64,42,5.5,1
2263,21,31,33,29,1.3,0
2264,20,38,44,29,4.5,0
2265,20,66,57,55,2.6,1
2266,21,49,42,49,3.3,0
2267,18,60,70,64,5.2,1
2268,16,55,58,69,6.0,1
2269,22,51,42,51,5.8,0
2270,19,66,74,80,5.0,1
2271,18,89,91,87,10.3,1
2272,17,36,55,47,2.0,0
2273,22,56,53,46,2.6,1
2274,21,44,46,46,4.4,0
2275,17,42,41,41,4.2,0
2276,18,89,81,97,7.6,1
2277,16,66,73,77,9.6,1
2278,17,69,69,58,3.7,1
2279,15,65,74,78,6.5,1
2280,17,36,42,32,3.7,0
2281,22,54,41,39,2.9,0
2282,16,99,85,92,11.8,1
2283,21,45,51,64,7.1,1
2284,20,54,56,65,9.7,1
2285,21,44,50,47,2.8,0
2286,20,100,92,100,10.3,1
2287,15,54,42,57,4.5,1
2288,17,38,54,56,5.9,0
2289,21,56,47,59,3.7,1
2290,22,73,83,84,8.8,1
2291,18,94,100,100,11.4,1
2292,22,89,100,100,11.0,1
2293,22,54,62,59,1.4,1
2294,19,100,100,100,11.1,1
2295,19,23,20,30,1.7,0
2296,20,68,64,68,9.8,1
2297,16,75,72,83,10.7,1
2298,16,100,94,100,12.0,1
2299,19,38,38,39,2.6,0
2300,18,48,32,39,1.5,0
2301,21,81,64,76,9.8,1
2302,18,59,52,62,1.0,1
2303,16,49,50,48,3.4,0
2304,22,81,64,77,9.9,1
2305,19,40,45,34,7.3,0
2306,20,41,44,48,6.8,0
2307,18,60,54,67,3.5,1
2308,22,91,79,83,11.7,1
2309,19,49,48,29,2.2,0
2310,18,66,55,61,6.1,1
2311,21,58,60,63,5.6,1
2312,16,79,73,85,9.5,1
2313,21,87,88,88,6.2,1
2314,22,83,75,82,11.2,1
2315,18,75,67,78,7.7,1
2316,16,61,59,61,2.1,1
2317,16,78,92,92,11.3,1
2318,22,81,56,73,3.0,1
2319,20,79,75,80,8.3,1
2320,16,65,77,80,11.9,1
2321,21,73,68,87,10.1,1
2322,16,82,74,75,10.1,1
2323,16,70,58,68,6.5,1
2324,17,69,69,76,8.6,1
2325,21,68,80,64,5.6,1
2326,18,55,60,56,3.6,1
2327,16,48,47,41,2.6,0
2328,20,52,55,60,8.6,1
2329,19,98,93,90,11.3,1
2330,18,76,74,64,4.8,1
2331,22,74,83,70,6.1,1
2332,20,60,85,68,9.2,1
2333,17,21,32,45,1.1,0
2334,20,44,32,36,2.6,0
2335,18,66,51,50,8.9,1
2336,20,75,72,66,4.7,1
2337,17,33,34,44,4.7,0
2338,18,71,63,79,5.8,1
2339,19,62,60,71,6.9,1
2340,16,64,86,71,6.2,1
2341,18,84,88,100,11.2,1
2342,15,64,72,73,10.0,1
2343,18,44,40,52,1.4,0
2344,16,90,68,73,9.8,1
2345,19,63,62,66,9.5,1
2346,19,77,82,100,9.6,1
2347,17,81,79,75,7.0,1
2348,22,57,46,59,1.2,1
2349,19,60,65,66,5.6,1
2350,19,37,60,49,4.4,0
2351,16,89,91,75,10.4,1
2352,19,100,100,100,11.6,1
2353,22,50,50,41,6.6,0
2354,16,52,61,45,4.9,1
2355,16,100,82,92,11.9,1
2356,18,68,89,76,6.3,1
2357,21,21,23,27,2.1,0
2358,22,74,83,77,9.5,1
2359,22,58,45,69,7.1,1
2360,15,69,87,67,6.0,1
2361,20,53,73,69,5.6,1
2362,16,61,69,69,7.5,1
2363,20,35,44,43,2.3,0
2364,21,51,46,72,4.2,1
2365,17,60,85,100,8.7,1
2366,16,87,80,72,11.7,1
2367,15,92,94,68,11.8,1
2368,16,65,53,75,5.0,1
2369,17,61,69,65,7.3,1
2370,16,63,64,60,9.9,1
2371,19,32,20,36,2.1,0
2372,16,73,88,78,8.2,1
2373,15,31,23,37,2.2,0
2374,19,56,63,70,2.7,1
2375,17,45,51,51,8.1,0
2376,18,95,91,75,9.0,1
2377,18,100,99,100,11.9,1
2378,18,71,56,57,6.4,1
2379,19,49,48,39,4.8,0
2380,18,73,80,91,7.8,1
2381,15,86,83,87,11.8,1
2382,17,47,57,69,10.0,1
2383,18,76,87,85,12.0,1
2384,18,50,51,54,4.0,1
2385,15,58,58,60,5.5,1
2386,16,85,71,68,10.6,1
2387,22,71,71,78,8.3,1
2388,18,69,72,80,6.4,1
2389,17,39,34,42,1.7,0
2390,21,45,45,51,2.2,0
2391,22,62,58,74,9.6,1
2392,22,46,64,57,3.2,1
2393,22,47,49,57,3.4,1
2394,18,72,79,80,11.9,1
2395,20,54,52,48,6.7,1
2396,21,20,20,23,1.2,0
2397,18,61,59,60,9.3,1
2398,17,70,77,68,7.9,1
2399,21,72,77,76,7.2,1
2400,21,43,45,44,3.8,0
2401,20,34,34,36,2.1,0
2402,20,45,46,55,4.9,0
2403,15,100,91,100,8.6,1
2404,18,41,63,59,6.1,1
2405,22,81,74,77,8.9,1
2406,15,72,49,46,11.1,1
2407,18,47,57,55,2.0,1
2408,18,23,26,22,1.5,0
2409,15,56,59,38,11.2,1
2410,16,20,20,28,2.0,0
2411,20,76,93,98,11.3,1
2412,15,91,78,80,8.3,1
2413,17,51,35,50,3.2,0
2414,18,87,83,77,7.8,1
2415,19,72,69,63,10.2,1
2416,21,33,20,20,1.1,0
2417,16,44,34,45,1.9,0
2418,17,35,28,20,3.9,0
2419,20,100,92,100,10.8,1
2420,22,35,43,50,5.7,0
2421,18,77,93,97,11.2,1
2422,22,86,83,73,11.2,1
2423,18,52,48,53,9.1,1
2424,17,61,48,41,1.6,1
2425,15,36,47,56,6.6,0
2426,20,73,56,65,6.8,1
2427,15,58,64,57,5.7,1
2428,16,58,58,50,6.7,1
2429,20,24,46,49,6.1,0
2430,15,68,88,70,9.6,1
2431,16,38,50,51,4.5,0
2432,18,57,74,58,6.3,1
2433,15,67,73,54,9.7,1
2434,20,84,64,62,5.2,1
2435,19,37,33,29,2.8,0
2436,19,63,71,77,6.4,1
2437,15,42,38,41,4.5,0
2438,15,40,30,40,1.0,0
2439,20,78,71,76,9.0,1
2440,21,47,37,52,2.6,0
2441,20,67,57,48,4.4,1
2442,15,77,62,84,7.9,1
2443,22,67,61,61,7.8,1
2444,17,64,73,51,2.4,1
2445,19,97,89,89,10.2,1
2446,19,72,63,82,11.6,1
2447,18,60,48,50,6.7,1
2448,19,42,36,53,3.7,0
2449,17,45,52,60,6.7,1
2450,15,40,25,44,3.7,0
2451,21,53,54,48,3.4,1
2452,21,59,52,71,4.2,1
2453,19,94,93,100,10.5,1
2454,20,72,76,57,7.0,1
2455,16,67,60,47,6.2,1
2456,15,68,67,73,9.5,1
2457,17,90,85,86,10.1,1
2458,15,73,51,48,8.4,1
2459,19,51,54,46,3.6,1
2460,19,68,69,56,7.5,1
2461,16,28,21,40,2.0,0
2462,16,56,50,53,7.0,1
2463,18,80,73,71,6.4,1
2464,21,58,87,72,10.4,1
2465,22,78,62,74,9.3,1
2466,21,66,93,76,9.6,1
2467,18,82,93,91,10.0,1
2468,16,63,83,72,7.0,1
2469,20,52,54,80,6.2,1
2470,16,96,100,98,11.6,1
2471,21,52,62,58,5.0,1
2472,16,81,85,87,9.9,1
2473,19,43,43,29,3.5,0
2474,21,43,50,58,3.1,1
2475,17,32,27,32,1.8,0
2476,15,72,70,77,8.6,1
2477,15,58,63,76,10.1,1
2478,21,71,71,74,5.7,1
2479,17,56,87,66,5.7,1
2480,15,74,68,64,6.7,1
2481,15,51,59,52,5.2,1
2482,17,84,84,79,9.4,1
2483,17,76,56,71,5.8,1
2484,17,86,82,100,7.8,1
2485,16,48,40,47,3.7,0
2486,18,71,66,48,4.8,1
2487,17,72,57,58,5.5,1
2488,16,60,54,55,8.3,1
2489,20,84,83,96,11.9,1
2490,15,68,70,59,8.9,1
2491,21,64,69,61,9.4,1
2492,22,33,36,24,2.0,0
2493,18,32,37,20,2.6,0
2494,18,88,98,78,11.5,1
2495,18,84,59,73,4.2,1
2496,15,24,40,49,5.5,0
2497,16,50,38,37,6.0,0
2498,18,62,61,66,4.4,1
2499,20,74,75,72,8.2,1
2500,15,97,100,87,10.2,1
2501,16,93,97,100,11.8,1
2502,17,48,65,67,5.5,1
2503,16,76,68,72,9.6,1
2504,18,26,20,20,1.2,0
2505,17,73,70,95,9.4,1
2506,16,57,46,50,3.8,1
2507,19,95,87,66,10.3,1
2508,17,62,66,54,6.3,1
2509,21,75,73,72,11.0,1
2510,21,81,78,69,6.5,1
2511,15,52,43,44,1.5,0
2512,19,89,91,86,7.9,1
2513,17,60,73,58,10.5,1
2514,17,36,26,45,1.6,0
2515,22,62,56,49,5.9,1
2516,17,67,78,79,9.0,1
2517,15,91,80,67,7.1,1
2518,21,97,100,97,11.2,1
2519,19,45,48,71,1.3,1
2520,18,67,55,46,3.2,1
2521,17,50,36,58,3.2,0
2522,22,34,49,51,1.1,0
2523,17,56,48,57,1.0,1
2524,20,29,27,32,2.5,0
2525,18,62,65,79,5.9,1
2526,17,84,72,85,10.5,1
2527,16,60,46,61,5.7,1
2528,16,30,45,27,5.4,0
2529,22,79,79,75,8.3,1
2530,16,87,95,90,10.7,1
2531,18,55,52,55,3.9,1
2532,22,65,74,57,9.6,1
2533,18,59,66,59,10.6,1
2534,20,59,38,54,5.5,1
2535,22,57,53,69,9.6,1
2536,16,49,62,54,6.0,1
2537,21,55,84,71,6.7,1
2538,21,88,85,91,6.9,1
2539,20,84,85,75,8.4,1
2540,20,61,59,70,6.9,1
2541,16,59,69,64,6.8,1
2542,21,69,80,85,11.7,1
2543,19,32,42,23,3.6,0
2544,17,51,64,40,2.4,1
2545,18,39,35,38,8.3,0
2546,19,76,72,57,8.1,1
2547,16,76,59,65,8.1,1
2548,15,66,71,79,8.6,1
2549,21,48,52,46,5.9,0
2550,22,34,65,59,4.0,1
2551,22,50,58,61,6.4,1
2552,21,57,65,55,6.6,1
2553,18,47,50,59,6.4,1
2554,15,72,62,65,5.4,1
2555,19,59,73,65,10.7,1
2556,20,69,74,74,8.5,1
2557,17,79,72,91,9.6,1
2558,21,58,61,46,6.1,1
2559,17,63,56,64,8.0,1
2560,19,76,91,78,9.7,1
2561,16,58,52,49,4.7,1
2562,20,78,87,77,8.9,1
2563,17,31,41,49,5.4,0
2564,20,41,65,63,2.1,1
2565,20,63,65,73,5.0,1
2566,20,39,24,20,1.2,0
2567,18,41,42,20,1.1,0
2568,16,100,92,94,11.2,1
2569,20,68,69,62,7.4,1
2570,19,42,41,33,2.0,0
2571,18,73,64,52,9.0,1
2572,16,37,49,36,3.6,0
2573,19,100,100,93,11.5,1
2574,16,37,20,20,1.4,0
2575,16,59,48,51,8.7,1
2576,22,35,20,29,1.1,0
2577,20,63,58,68,5.4,1
2578,21,72,70,73,5.6,1
2579,22,76,68,70,6.9,1
2580,20,91,86,85,11.8,1
2581,21,83,87,79,11.6,1
2582,17,68,60,60,6.5,1
2583,21,100,100,100,11.8,1
2584,17,78,70,69,9.8,1
2585,18,45,63,44,2.4,1
2586,20,48,53,49,1.8,1
2587,21,70,62,82,7.1,1
2588,21,35,57,60,5.2,1
2589,18,64,71,66,5.7,1
2590,21,52,39,51,2.6,0
2591,17,98,84,82,11.1,1
2592,17,72,85,87,8.8,1
2593,17,69,64,58,3.2,1
2594,16,20,28,35,1.6,0
2595,22,33,46,42,2.8,0
2596,22,41,55,57,5.4,1
2597,20,66,47,62,6.3,1
2598,22,58,54,50,2.5,1
2599,16,53,48,70,6.6,1
2600,18,71,68,72,9.0,1
2601,16,83,77,83,8.1,1
2602,18,54,88,66,11.2,1
2603,20,75,63,55,3.0,1
2604,21,95,100,87,10.7,1
2605,16,81,71,75,8.0,1
2606,20,84,78,70,8.7,1
2607,19,69,48,64,3.9,1
2608,22,43,59,46,3.4,0
2609,19,51,47,60,10.5,1
2610,16,32,32,20,3.0,0
2611,17,62,55,71,7.3,1
2612,22,83,93,100,9.4,1
2613,20,59,61,65,2.5,1
2614,15,75,81,71,9.9,1
2615,15,89,73,84,7.0,1
2616,22,50,47,55,6.7,1
2617,20,71,49,62,8.3,1
2618,15,51,54,39,3.2,0
2619,20,64,61,63,2.2,1
2620,16,52,46,31,1.3,0
2621,20,79,74,92,8.3,1
2622,18,31,25,36,1.6,0
2623,16,40,47,41,3.3,0
2624,15,65,78,82,8.0,1
2625,22,53,67,66,5.5,1
2626,16,40,40,36,2.3,0
2627,15,45,69,50,5.9,1
2628,18,25,44,36,3.2,0
2629,21,57,61,66,5.2,1
2630,19,99,90,94,9.5,1
2631,19,23,20,23,1.2,0
2632,15,67,57,59,7.3,1
2633,15,61,53,83,10.2,1
2634,21,100,87,84,10.2,1
2635,18,63,68,55,8.9,1
2636,15,87,82,83,9.5,1
2637,20,53,55,51,7.0,1
2638,15,70,66,67,3.9,1
2639,22,81,80,82,11.2,1
2640,22,67,45,61,4.1,1
2641,16,58,60,63,5.7,1
2642,19,67,60,86,6.8,1
2643,17,64,76,87,10.1,1
2644,19,39,27,51,1.4,0
2645,22,58,54,73,7.2,1
2646,16,33,37,46,5.1,0
2647,17,100,96,97,11.4,1
2648,22,75,70,54,5.8,1
2649,16,61,61,48,1.4,1
2650,16,74,47,56,5.9,1
2651,15,45,42,39,7.0,0
2652,17,67,69,73,7.5,1
2653,16,58,56,65,3.2,1
2654,18,68,66,92,4.7,1
2655,19,72,69,68,6.4,1
2656,15,80,63,69,7.2,1
2657,21,58,66,73,8.7,1
2658,20,22,38,44,3.2,0
2659,22,82,92,98,11.1,1
2660,20,46,45,39,7.4,0
2661,15,45,53,49,1.6,0
2662,15,74,67,71,9.3,1
2663,16,100,100,100,11.1,1
2664,16,60,62,53,10.0,1
2665,15,33,42,49,4.5,0
2666,19,50,45,64,7.7,1
2667,22,81,86,74,11.2,1
2668,16,26,36,25,3.2,0
2669,19,50,66,68,2.1,1
2670,15,52,61,42,6.3,1
2671,21,22,37,33,3.0,0
2672,16,88,84,71,12.0,1
2673,17,81,100,100,10.7,1
2674,15,59,70,71,6.7,1
2675,15,63,65,65,10.3,1
2676,19,53,74,56,2.0,1
2677,18,40,41,50,5.1,0
2678,22,85,86,88,10.9,1
2679,19,66,80,50,11.2,1
2680,21,86,82,73,10.8,1
2681,20,57,84,60,6.7,1
2682,20,65,67,59,5.8,1
2683,15,62,54,47,5.6,1
2684,18,73,77,73,5.2,1
2685,16,74,77,68,11.3,1
2686,17,56,56,59,7.6,1
2687,21,89,78,91,7.4,1
2688,19,37,27,41,1.5,0
2689,21,34,24,28,2.2,0
2690,22,54,55,59,4.1,1
2691,21,47,60,42,4.9,0
2692,21,20,42,26,3.0,0
2693,19,79,68,53,10.2,1
2694,21,30,29,28,1.3,0
2695,20,75,49,68,2.1,1
2696,21,49,69,45,4.0,1
2697,18,44,37,39,3.9,0
2698,21,51,55,41,2.5,0
2699,22,70,71,66,7.6,1
2700,16,44,53,40,3.4,0
2701,20,84,93,98,8.3,1
2702,18,83,76,63,8.9,1
2703,20,63,41,54,3.1,1
2704,21,53,63,69,4.7,1
2705,19,68,62,63,9.3,1
2706,15,74,82,72,10.6,1
2707,16,42,62,58,6.2,1
2708,17,56,60,62,8.7,1
2709,15,72,72,72,10.5,1
2710,19,57,61,67,5.6,1
2711,17,54,57,65,11.1,1
2712,18,53,53,57,8.7,1
2713,21,43,53,67,7.2,1
2714,20,85,91,92,9.8,1
2715,17,25,25,43,1.6,0
2716,21,89,80,90,10.8,1
2717,15,26,26,31,3.5,0
2718,21,45,45,46,4.5,0
2719,19,40,46,45,4.6,0
2720,19,91,71,73,9.9,1
2721,21,80,99,77,12.0,1
2722,21,54,46,52,5.7,1
2723,19,53,50,63,4.5,1
2724,15,61,65,73,7.3,1
2725,15,73,58,67,5.7,1
2726,21,77,71,87,9.6,1
2727,15,23,21,46,2.2,0
2728,15,66,72,74,8.6,1
2729,19,37,54,43,3.0,0
2730,22,63,59,58,4.4,1
2731,16,39,28,58,2.9,0
2732,19,53,67,59,6.9,1
2733,15,20,20,20,2.2,0
2734,17,62,63,52,3.2,1
2735,15,89,82,71,11.2,1
2736,17,67,68,68,8.0,1
2737,18,79,60,67,6.8,1
2738,20,55,62,69,8.7,1
2739,20,76,81,91,11.7,1
2740,19,23,35,41,2.4,0
2741,19,35,66,58,5.0,1
2742,21,38,31,46,3.8,0
2743,18,88,92,100,10.3,1
2744,22,30,32,24,4.1,0
2745,16,63,71,79,6.0,1
2746,17,84,74,79,6.4,1
2747,17,83,97,88,10.0,1
2748,16,66,69,64,7.7,1
2749,18,20,24,35,1.4,0
2750,17,52,57,63,3.9,1
2751,15,82,92,83,10.4,1
2752,21,46,54,50,5.8,1
2753,17,61,46,54,4.1,1
2754,15,93,81,85,10.1,1
2755,18,57,53,51,6.0,1
2756,20,41,34,46,3.7,0
2757,19,66,73,77,10.6,1
2758,17,73,76,100,10.7,1
2759,22,81,73,83,7.4,1
2760,17,65,66,33,3.8,1
2761,21,80,79,86,8.8,1
2762,18,76,67,69,7.5,1
2763,16,74,71,91,11.8,1
2764,18,76,87,80,11.8,1
2765,18,67,63,57,2.8,1
2766,15,25,28,34,1.2,0
2767,15,44,39,47,6.6,0
2768,22,90,85,78,8.9,1
2769,21,90,74,83,9.8,1
2770,20,65,65,67,8.1,1
2771,22,40,49,52,4.0,0
2772,20,52,67,48,4.4,1
2773,15,20,20,35,1.0,0
2774,17,32,32,49,1.0,0
2775,21,61,57,52,5.8,1
2776,21,60,48,45,5.6,1
2777,19,66,93,66,10.5,1
2778,19,28,20,35,1.0,0
2779,19,67,79,66,9.5,1
2780,18,48,56,58,5.7,1
2781,21,21,20,28,2.8,0
2782,16,75,64,76,6.2,1
2783,20,31,29,51,1.3,0
2784,22,99,100,100,10.9,1
2785,17,26,29,55,5.7,0
2786,17,57,62,43,5.2,1
2787,20,97,96,100,11.3,1
2788,16,48,43,41,6.1,0
2789,19,60,43,53,5.2,1
2790,17,33,48,36,4.1,0
2791,17,29,31,34,2.8,0
2792,15,83,94,100,9.9,1
2793,19,100,92,88,11.1,1
2794,15,49,55,49,4.5,1
2795,20,75,77,74,6.5,1
2796,21,37,43,47,3.4,0
2797,17,70,54,60,3.3,1
2798,17,58,74,65,11.1,1
2799,15,20,20,20,2.0,0
2800,19,79,67,78,8.9,1
2801,20,57,62,47,1.1,1
2802,15,20,20,20,2.0,0
2803,16,78,72,90,11.8,1
2804,15,93,79,76,9.2,1
2805,17,50,43,52,3.2,0
2806,15,20,20,20,1.1,0
2807,19,68,63,58,7.2,1
2808,22,49,55,45,5.5,0
2809,19,46,47,42,4.1,0
2810,17,98,86,90,11.8,1
2811,16,38,35,22,1.4,0
2812,21,59,45,71,3.4,1
2813,20,36,39,54,5.8,0
2814,17,82,84,75,5.6,1
2815,21,50,52,47,5.9,0
2816,19,73,80,72,11.2,1
2817,18,75,84,76,5.2,1
2818,17,65,70,46,6.9,1
2819,15,50,65,57,5.3,1
2820,17,67,45,48,3.3,1
2821,20,85,78,78,10.9,1
2822,15,44,57,56,8.3,1
2823,16,50,40,43,6.1,0
2824,17,64,45,43,4.6,1
2825,17,62,56,64,2.9,1
2826,19,81,82,78,8.7,1
2827,17,51,65,54,3.0,1
2828,15,35,45,43,1.1,0
2829,20,56,51,59,2.2,1
2830,19,61,63,66,5.8,1
2831,22,36,41,42,2.1,0
2832,15,72,81,83,11.2,1
2833,18,70,79,72,8.3,1
2834,18,87,84,78,11.7,1
2835,15,53,52,54,4.1,1
2836,19,21,41,20,1.7,0
2837,20,75,71,76,10.7,1
2838,18,74,89,83,11.0,1
2839,15,48,40,45,1.7,0
2840,21,80,84,86,7.3,1
2841,21,71,69,65,8.9,1
2842,22,56,65,57,6.5,1
2843,18,73,70,61,7.3,1
2844,18,32,28,20,1.2,0
2845,20,66,57,53,4.6,1
2846,18,90,81,91,11.8,1
2847,22,68,73,83,6.9,1
2848,17,55,49,49,3.4,1
2849,15,40,54,51,7.3,0
2850,18,26,44,31,1.1,0
2851,18,37,33,45,1.2,0
2852,17,90,79,100,7.8,1
2853,22,55,65,52,4.7,1
2854,20,82,75,78,10.4,1
2855,21,49,50,39,4.4,0
2856,17,80,76,90,9.8,1
2857,16,68,68,65,3.8,1
2858,22,32,49,60,2.3,0
2859,15,30,33,30,3.0,0
2860,17,43,56,56,1.7,1
2861,22,60,57,75,9.0,1
2862,21,45,47,42,3.3,0
2863,20,45,46,50,7.3,0
2864,21,69,75,68,7.1,1
2865,18,50,64,60,6.3,1
2866,21,95,75,81,7.7,1
2867,19,56,53,45,4.6,1
2868,17,39,53,47,2.8,0
2869,19,40,52,62,6.9,1
2870,17,48,56,44,1.7,0
2871,17,86,100,100,11.2,1
2872,20,51,57,51,7.4,1
2873,15,20,21,36,2.4,0
2874,17,67,42,57,3.4,1
2875,17,85,86,96,8.6,1
2876,17,52,37,48,6.5,0
2877,15,70,78,71,8.5,1
2878,22,60,54,52,6.0,1
2879,17,60,74,70,9.4,1
2880,16,58,54,47,6.2,1
2881,18,37,50,32,2.3,0
2882,19,37,20,28,1.7,0
2883,18,85,92,87,11.3,1
2884,20,75,49,77,11.7,1
2885,15,31,57,53,5.2,0
2886,21,71,69,53,5.0,1
2887,19,64,73,59,8.2,1
2888,18,63,62,76,8.9,1
2889,17,67,75,76,6.0,1
2890,16,46,50,35,2.0,0
2891,20,75,76,74,11.3,1
2892,15,36,45,31,6.9,0
2893,21,50,44,40,2.6,0
2894,21,59,52,56,3.9,1
2895,19,92,91,95,11.4,1
2896,18,52,52,33,3.5,0
2897,18,29,32,28,1.9,0
2898,15,46,40,56,5.1,0
2899,19,57,62,52,6.5,1
2900,19,89,92,99,8.9,1
2901,18,21,29,38,5.8,0
2902,21,96,93,97,11.6,1
2903,20,67,72,66,4.1,1
2904,19,60,61,68,6.6,1
2905,20,60,57,65,7.3,1
2906,18,36,41,54,1.1,0
2907,16,44,25,59,3.9,0
2908,19,61,79,53,8.2,1
2909,16,54,47,45,4.3,0
2910,21,42,59,44,3.4,0
2911,15,20,20,26,1.3,0
2912,20,91,81,96,11.1,1
2913,16,74,81,91,11.1,1
2914,19,99,75,84,9.1,1
2915,19,62,81,75,10.3,1
2916,17,91,93,89,10.6,1
2917,20,80,77,89,10.6,1
2918,21,58,50,54,5.4,1
2919,15,90,82,72,8.1,1
2920,22,100,99,100,11.3,1
2921,15,42,41,35,1.4,0
2922,16,56,49,44,4.4,0
2923,15,80,73,56,7.6,1
2924,18,61,84,76,9.4,1
2925,15,61,47,54,3.2,1
2926,21,31,47,53,2.9,0
2927,22,79,76,67,9.6,1
2928,18,92,83,74,11.0,1
2929,18,87,77,77,8.7,1
2930,20,61,76,69,10.4,1
2931,20,57,27,48,3.5,0
2932,22,62,58,70,5.4,1
2933,21,65,65,69,7.7,1
2934,18,70,67,68,5.2,1
2935,18,68,84,69,10.8,1
2936,22,70,75,71,8.3,1
2937,19,70,69,64,9.6,1
2938,18,100,100,100,11.8,1
2939,17,70,71,64,11.1,1
2940,17,72,62,68,4.8,1
2941,17,52,44,65,3.0,1
2942,20,20,35,51,3.3,0
2943,22,98,85,84,10.5,1
2944,21,68,68,76,8.5,1
2945,20,37,46,46,3.5,0
2946,17,26,25,37,1.1,0
2947,15,68,49,55,6.6,1
2948,20,58,45,53,5.2,1
2949,19,55,69,67,7.3,1
2950,21,91,89,76,11.8,1
2951,20,83,92,88,5.7,1
2952,18,59,57,53,7.5,1
2953,15,86,97,83,9.9,1
2954,16,63,66,63,7.9,1
2955,19,46,37,24,1.8,0
2956,21,46,69,54,6.1,1
2957,22,60,49,53,3.4,1
2958,17,24,53,37,2.5,0
2959,22,66,60,59,8.1,1
2960,19,27,29,39,3.2,0
2961,15,66,75,75,11.5,1
2962,16,59,49,51,2.6,1
2963,20,56,30,35,6.3,0
2964,19,61,52,66,6.3,1
2965,21,31,28,35,4.4,0
2966,22,78,98,93,7.5,1
2967,21,67,56,63,10.8,1
2968,15,58,45,48,5.5,1
2969,21,71,84,73,11.7,1
2970,16,71,67,71,10.7,1
2971,20,31,40,36,3.3,0
2972,20,28,26,22,2.2,0
2973,18,89,100,92,11.9,1
2974,20,69,60,58,7.7,1
2975,20,79,91,98,9.3,1
2976,19,73,87,87,9.6,1
2977,18,89,81,72,9.3,1
2978,22,40,42,44,4.1,0
2979,17,53,41,56,2.6,1
2980,22,87,82,67,9.0,1
2981,19,72,68,54,2.1,1
2982,22,36,37,40,2.4,0
2983,20,51,54,69,4.3,1
2984,21,44,45,39,5.1,0
2985,18,41,35,24,1.1,0
2986,16,26,35,29,2.6,0
2987,20,36,46,36,2.2,0
2988,21,67,73,79,10.5,1
2989,22,75,84,61,11.6,1
2990,18,93,84,92,11.4,1
2991,20,60,66,53,5.4,1
2992,15,86,83,77,10.7,1
2993,17,43,35,43,1.4,0
2994,18,78,68,81,8.2,1
2995,21,75,59,70,9.6,1
2996,20,78,81,97,8.8,1
2997,15,41,40,37,2.7,0
2998,19,61,30,50,1.7,0
2999,15,23,24,28,2.7,0
3000,17,69,69,76,10.0,1
3001,20,61,76,79,9.0,1
3002,17,74,75,76,7.9,1
3003,16,48,53,58,3.4,1
3004,22,54,70,50,5.9,1
3005,20,100,100,100,11.3,1
3006,20,83,74,70,9.3,1
3007,20,73,76,58,3.3,1
3008,19,82,78,98,10.0,1
3009,17,24,40,22,1.5,0
3010,15,20,32,31,2.0,0
3011,15,100,97,83,10.7,1
3012,19,52,70,52,8.3,1
3013,22,60,67,71,8.1,1
3014,17,97,85,92,11.2,1
3015,22,27,28,51,2.7,0
3016,16,45,57,40,3.0,0
3017,20,49,56,65,5.2,1
3018,17,74,59,77,11.4,1
3019,16,83,85,81,9.7,1
3020,22,100,100,100,11.6,1
3021,15,77,86,89,8.4,1
3022,22,67,65,69,4.2,1
3023,16,57,55,70,7.5,1
3024,16,68,56,64,6.4,1
3025,19,40,58,44,3.7,0
3026,17,41,29,49,2.6,0
3027,21,88,82,71,10.3,1
3028,18,50,54,33,3.2,0
3029,19,49,44,47,6.5,0
3030,19,59,52,69,6.1,1
3031,20,32,41,31,1.8,0
3032,19,73,74,73,7.9,1
3033,20,65,49,56,5.6,1
3034,17,43,25,48,2.8,0
3035,20,82,81,74,7.0,1
3036,17,45,60,33,2.7,0
3037,21,57,52,39,3.4,0
3038,21,60,52,37,3.6,0
3039,17,66,80,77,10.1,1
3040,21,22,43,33,1.8,0
3041,20,45,34,30,2.1,0
3042,15,20,22,35,1.5,0
3043,16,100,100,100,10.0,1
3044,16,62,60,42,5.1,1
3045,17,68,77,70,10.6,1
3046,15,24,29,39,2.1,0
3047,21,54,50,49,4.4,1
3048,21,57,53,65,3.0,1
3049,22,51,44,37,3.7,0
3050,21,52,62,57,4.1,1
3051,21,89,81,80,9.0,1
3052,21,87,94,83,9.9,1
3053,15,34,42,37,4.1,0
3054,22,92,100,85,11.3,1
3055,16,53,57,46,6.2,1
3056,19,50,46,51,7.3,0
3057,15,39,57,47,1.6,0
3058,17,85,84,87,8.8,1
3059,20,39,40,29,3.1,0
3060,20,93,85,70,9.9,1
3061,15,79,68,88,11.3,1
3062,17,54,66,61,8.3,1
3063,21,35,33,39,2.8,0
3064,18,62,54,47,10.7,1
3065,18,27,31,29,3.4,0
3066,16,100,100,91,10.7,1
3067,17,70,60,78,5.4,1
3068,15,100,95,88,11.7,1
3069,18,92,90,72,8.9,1
3070,18,72,59,57,4.8,1
3071,22,63,65,60,4.6,1
3072,22,65,64,51,6.4,1
3073,17,39,54,52,1.1,0
3074,19,55,37,40,3.7,0
3075,16,55,63,54,6.1,1
3076,18,71,65,71,7.0,1
3077,17,71,66,53,8.7,1
3078,17,69,62,63,7.7,1
3079,19,42,55,57,7.8,1
3080,19,70,64,73,8.4,1
3081,17,53,55,55,7.4,1
3082,21,66,67,56,5.7,1
3083,21,45,44,45,6.3,0
3084,22,49,33,37,3.8,0
3085,16,100,85,92,11.5,1
3086,21,66,64,55,6.1,1
3087,21,61,70,63,9.1,1
3088,15,55,48,52,3.9,1
3089,21,84,92,59,10.6,1
3090,17,59,51,65,5.4,1
3091,15,26,32,21,1.2,0
3092,16,98,93,95,9.5,1
3093,15,60,36,43,4.6,0
3094,22,48,61,66,3.9,1
3095,18,41,44,46,1.2,0
3096,15,28,40,31,3.3,0
3097,20,98,92,100,8.1,1
3098,19,88,65,76,9.4,1
3099,19,44,35,49,5.8,0
3100,15,64,75,55,8.2,1
3101,15,32,44,38,2.2,0
3102,18,61,42,53,4.0,1
3103,15,62,39,63,5.3,1
3104,21,78,78,75,10.0,1
3105,17,47,44,56,2.3,0
3106,20,82,89,83,11.3,1
3107,15,67,51,48,4.6,1
3108,15,57,39,47,3.8,0
3109,20,65,64,70,5.1,1
3110,18,68,63,62,6.9,1
3111,20,80,84,61,9.0,1
3112,15,39,36,38,1.0,0
3113,16,81,88,82,11.2,1
3114,22,57,46,44,6.4,0
3115,20,56,61,67,7.1,1
3116,19,43,49,44,2.9,0
3117,16,91,87,86,11.8,1
3118,20,69,64,79,11.1,1
3119,19,63,56,44,5.9,1
3120,20,87,69,55,9.5,1
3121,19,35,39,49,2.2,0
3122,22,57,42,47,3.2,0
3123,22,70,61,67,6.6,1
3124,16,85,93,62,8.6,1
3125,21,73,85,65,11.3,1
3126,16,69,62,66,4.9,1
3127,21,35,50,50,3.0,0
3128,21,25,39,31,4.6,0
3129,15,34,27,40,2.1,0
3130,19,49,34,49,4.1,0
3131,17,60,54,48,7.5,1
3132,21,32,26,46,2.5,0
3133,19,90,68,74,11.7,1
3134,15,26,20,29,2.2,0
3135,18,70,80,79,10.2,1
3136,21,75,64,62,8.3,1
3137,19,81,80,80,7.8,1
3138,20,33,47,24,5.8,0
3139,20,49,61,61,8.0,1
3140,16,88,76,90,10.3,1
3141,16,85,65,62,10.0,1
3142,22,66,62,52,10.9,1
3143,19,79,94,87,11.2,1
3144,22,100,98,94,9.4,1
3145,17,66,57,70,9.0,1
3146,16,60,80,64,9.5,1
3147,16,56,62,60,4.0,1
3148,17,72,65,71,10.2,1
3149,21,77,80,76,11.2,1
3150,20,73,70,53,9.2,1
3151,15,69,73,72,9.5,1
3152,16,52,62,43,2.3,1
3153,17,89,86,84,10.4,1
3154,16,41,34,30,3.7,0
3155,16,79,73,95,10.4,1
3156,19,38,52,26,3.3,0
3157,22,42,41,48,3.3,0
3158,20,46,54,58,6.6,1
3159,15,57,86,61,8.7,1
3160,21,29,32,31,2.0,0
3161,20,80,80,86,10.5,1
3162,20,91,86,100,9.7,1
3163,15,68,78,83,8.3,1
3164,15,69,72,64,10.4,1
3165,15,59,66,61,4.8,1
3166,19,28,39,36,1.8,0
3167,22,93,69,92,11.5,1
3168,19,76,56,54,5.5,1
3169,15,43,48,50,2.5,0
3170,21,42,54,61,2.5,1
3171,19,45,35,39,6.0,0
3172,15,62,57,63,7.3,1
3173,15,81,84,57,7.3,1
3174,22,78,79,100,9.4,1
3175,18,71,85,79,10.1,1
3176,22,46,36,34,2.4,0
3177,16,64,85,66,9.7,1
3178,15,55,59,41,3.2,1
3179,22,34,26,39,3.3,0
3180,18,53,50,45,3.4,0
3181,18,56,78,76,8.9,1
3182,18,49,66,57,6.6,1
3183,21,46,47,43,2.5,0
3184,17,86,94,85,10.5,1
3185,22,77,79,78,6.1,1
3186,22,71,72,75,8.6,1
3187,20,100,100,95,12.0,1
3188,19,33,36,26,2.1,0
3189,22,24,39,41,1.3,0
3190,19,74,77,79,10.5,1
3191,22,78,98,84,10.3,1
3192,18,60,52,53,2.9,1
3193,19,47,44,50,5.2,0
3194,17,54,68,57,7.0,1
3195,15,39,20,36,1.3,0
3196,17,38,30,31,1.8,0
3197,20,57,63,61,6.1,1
3198,20,85,87,80,11.5,1
3199,22,37,35,41,2.0,0
3200,16,41,50,41,3.2,0
3201,16,64,79,66,8.2,1
3202,20,74,77,83,10.6,1
3203,22,62,58,48,2.2,1
3204,15,64,60,55,6.0,1
3205,18,85,76,69,9.4,1
3206,17,38,42,51,2.0,0
3207,19,96,98,81,9.3,1
3208,19,47,54,60,4.4,1
3209,15,62,50,55,3.3,1
3210,17,75,76,59,6.2,1
3211,15,79,78,95,11.7,1
3212,20,46,42,43,2.2,0
3213,16,32,38,25,2.9,0
3214,21,27,40,27,3.8,0
3215,21,20,20,20,2.4,0
3216,19,60,53,66,4.4,1
3217,16,91,86,100,11.7,1
3218,17,40,26,32,1.9,0
3219,18,67,77,57,5.3,1
3220,18,57,30,55,4.1,0
3221,17,26,27,38,2.3,0
3222,17,78,84,89,8.9,1
3223,22,55,67,77,8.5,1
3224,18,79,71,76,9.4,1
3225,19,86,77,80,9.2,1
3226,15,41,51,47,6.7,0
3227,16,70,72,67,5.5,1
3228,17,94,99,82,10.0,1
3229,22,62,55,64,9.1,1
3230,19,64,77,53,7.0,1
3231,21,67,78,66,6.3,1
3232,19,76,84,81,8.5,1
3233,22,65,51,67,1.9,1
3234,20,74,57,63,8.6,1
3235,17,97,92,90,11.7,1
3236,20,40,39,51,3.2,0
3237,21,77,70,74,11.4,1
3238,21,63,65,62,5.8,1
3239,15,66,84,81,9.9,1
3240,17,56,59,36,8.2,1
3241,17,87,76,99,11.6,1
3242,22,50,49,64,3.9,1
3243,18,85,64,77,5.5,1
3244,15,56,56,33,4.2,0
3245,20,54,53,50,2.2,1
3246,20,70,71,66,4.8,1
3247,15,29,32,41,1.7,0
3248,15,24,26,28,1.9,0
3249,17,50,67,55,3.2,1
3250,16,73,63,74,4.9,1
3251,20,26,25,52,1.1,0
3252,19,26,46,52,4.4,0
3253,17,85,77,77,11.8,1
3254,15,50,38,56,2.2,0
3255,18,95,80,88,11.6,1
3256,21,51,55,57,1.9,1
3257,16,90,91,81,9.2,1
3258,15,61,66,76,6.6,1
3259,21,87,100,100,11.5,1
3260,22,78,57,71,10.7,1
3261,19,57,58,62,6.2,1
3262,20,25,20,20,1.2,0
3263,22,93,92,100,11.9,1
3264,18,56,47,40,4.4,0
3265,17,98,82,80,11.4,1
3266,20,57,51,44,2.8,1
3267,19,73,84,84,9.8,1
3268,22,72,77,78,9.5,1
3269,21,62,52,41,3.6,1
3270,17,65,70,57,9.0,1
3271,21,57,67,46,5.5,1
3272,15,69,51,66,3.0,1
3273,19,32,50,40,1.9,0
3274,15,41,70,52,4.4,1
3275,22,28,37,39,2.6,0
3276,15,65,67,65,3.2,1
3277,15,38,47,40,1.9,0
3278,22,93,76,80,9.9,1
3279,22,73,74,57,9.4,1
3280,21,100,92,100,10.7,1
3281,15,84,68,95,8.9,1
3282,22,82,79,75,10.0,1
3283,18,88,84,86,11.5,1
3284,22,67,76,63,11.1,1
3285,15,52,68,65,6.2,1
3286,16,90,87,85,11.4,1
3287,22,100,93,85,11.7,1
3288,21,44,46,50,3.8,0
3289,18,39,59,56,1.4,1
3290,17,61,63,57,9.8,1
3291,20,62,65,68,6.1,1
3292,19,40,42,49,3.1,0
3293,16,93,76,79,5.3,1
3294,20,92,94,82,10.3,1
3295,20,32,20,24,1.7,0
3296,20,88,98,97,8.7,1
3297,16,86,95,96,10.2,1
3298,15,45,39,25,3.4,0
3299,19,100,91,82,10.8,1
3300,18,77,56,62,7.4,1
3301,15,64,60,56,4.3,1
3302,15,57,51,55,4.5,1
3303,22,63,88,75,8.9,1
3304,21,86,89,68,8.8,1
3305,18,53,56,53,4.4,1
3306,19,76,75,77,11.0,1
3307,21,96,83,87,10.4,1
3308,16,28,51,41,2.5,0
3309,16,20,24,28,2.5,0
3310,20,45,44,36,3.9,0
3311,22,42,41,50,2.8,0
3312,20,71,72,73,9.5,1
3313,22,37,32,37,2.1,0
3314,21,70,93,79,9.9,1
3315,22,77,66,95,8.3,1
3316,15,79,89,86,9.5,1
3317,20,62,71,73,8.8,1
3318,19,73,84,65,9.5,1
3319,17,59,74,85,7.1,1
3320,17,23,32,38,1.1,0
3321,16,57,78,85,10.5,1
3322,21,50,69,69,6.2,1
3323,21,72,71,88,8.9,1
3324,15,53,66,55,9.8,1
3325,18,25,39,32,2.9,0
3326,20,51,65,66,9.7,1
3327,18,45,58,79,7.4,1
3328,21,82,83,77,11.5,1
3329,21,49,65,52,6.0,1
3330,20,77,50,56,4.8,1
3331,18,74,77,79,10.1,1
3332,21,96,92,98,9.2,1
3333,17,92,90,74,11.4,1
3334,20,58,61,56,8.2,1
3335,17,44,30,33,1.6,0
3336,19,76,75,71,10.2,1
3337,16,81,69,74,10.2,1
3338,17,48,50,38,1.3,0
3339,15,47,45,42,2.1,0
3340,16,20,20,24,1.7,0
3341,15,83,94,82,11.1,1
3342,15,57,73,79,10.8,1
3343,17,51,48,60,5.5,1
3344,16,74,72,62,10.5,1
3345,18,92,80,87,11.1,1
3346,20,60,52,40,3.9,1
3347,20,20,29,36,2.2,0
3348,17,77,91,85,11.9,1
3349,16,93,78,95,10.0,1
3350,21,35,35,49,1.7,0
3351,17,77,63,71,6.0,1
3352,22,38,62,51,3.9,1
3353,21,68,81,67,4.3,1
3354,15,26,39,25,2.9,0
3355,17,88,87,68,7.5,1
3356,19,85,83,94,10.7,1
3357,15,73,75,68,7.4,1
3358,17,46,54,43,1.1,0
3359,20,58,63,55,4.8,1
3360,20,43,70,58,4.1,1
3361,19,79,75,69,8.6,1
3362,17,69,47,49,4.2,1
3363,15,43,51,50,4.8,0
3364,19,100,100,98,9.3,1
3365,21,53,63,63,4.4,1
3366,17,41,35,42,3.7,0
3367,20,52,57,64,4.1,1
3368,19,43,38,70,8.1,1
3369,16,79,70,68,7.4,1
3370,20,39,32,23,3.6,0
3371,20,43,45,56,2.7,0
3372,17,76,68,85,8.7,1
3373,15,20,35,20,1.0,0
3374,20,87,81,79,10.6,1
3375,18,82,75,89,10.5,1
3376,17,29,33,32,2.1,0
3377,22,43,48,60,6.3,1
3378,17,38,56,57,5.1,1
3379,18,87,65,90,8.8,1
3380,16,44,61,74,7.5,1
3381,22,28,20,20,1.5,0
3382,18,39,48,53,9.3,0
3383,15,33,29,40,2.8,0
3384,15,85,80,64,10.7,1
3385,18,49,50,62,10.1,1
3386,22,41,34,42,2.5,0
3387,17,65,86,65,8.2,1
3388,20,92,89,91,9.1,1
3389,17,87,92,99,10.6,1
3390,21,45,54,57,2.8,1
3391,19,78,94,76,10.7,1
3392,18,100,97,97,11.1,1
3393,15,56,67,55,7.7,1
3394,17,79,91,70,5.5,1
3395,15,87,97,89,11.6,1
3396,15,39,36,33,1.2,0
3397,18,39,51,53,3.7,0
3398,22,44,54,36,2.0,0
3399,21,91,90,93,11.6,1
3400,21,69,48,69,4.1,1
3401,22,89,97,100,11.7,1
3402,20,26,31,34,1.1,0
3403,16,56,55,58,5.9,1
3404,18,96,90,83,9.7,1
3405,16,98,79,72,11.6,1
3406,19,96,80,84,10.9,1
3407,22,68,79,58,8.2,1
3408,15,38,47,48,5.6,0
3409,15,83,77,95,10.0,1
3410,16,40,34,22,6.6,0
3411,18,41,48,52,2.9,0
3412,22,49,46,52,4.4,0
3413,20,59,59,45,5.7,1
3414,22,72,82,62,7.3,1
3415,20,73,54,68,9.2,1
3416,19,87,77,72,8.6,1
3417,15,98,90,98,11.8,1
3418,20,65,62,71,6.3,1
3419,20,53,76,65,9.6,1
3420,22,72,58,78,6.9,1
3421,21,81,81,69,9.1,1
3422,19,65,73,68,3.3,1
3423,20,91,71,85,10.7,1
3424,21,68,69,49,9.3,1
3425,20,72,67,81,8.3,1
3426,15,100,89,83,11.3,1
3427,16,25,22,20,1.1,0
3428,21,44,45,36,1.2,0
3429,20,91,84,93,10.9,1
3430,18,42,34,33,3.3,0
3431,21,49,62,65,6.2,1
3432,17,60,60,63,5.6,1
3433,16,61,65,63,7.8,1
3434,18,65,59,49,6.5,1
3435,18,82,75,79,7.3,1
3436,22,100,100,97,11.9,1
3437,15,65,75,76,10.3,1
3438,22,22,31,20,1.6,0
3439,21,65,67,77,8.5,1
3440,16,84,61,54,5.4,1
3441,22,40,51,40,3.1,0
3442,16,56,62,64,8.4,1
3443,17,63,52,62,5.6,1
3444,22,20,23,35,2.0,0
3445,19,84,77,79,7.7,1
3446,18,100,100,100,11.7,1
3447,15,40,41,31,2.2,0
3448,21,79,71,75,7.6,1
3449,20,41,50,44,3.8,0
3450,19,73,80,84,8.2,1
3451,16,48,32,50,6.1,0
3452,21,75,78,81,8.0,1
3453,15,31,38,20,2.1,0
3454,17,79,100,82,10.9,1
3455,15,57,60,63,2.3,1
3456,15,62,60,60,5.9,1
3457,16,55,43,45,6.0,0
3458,17,58,77,67,8.2,1
3459,15,77,66,76,8.3,1
3460,20,100,90,90,11.5,1
3461,21,57,60,59,6.9,1
3462,21,95,86,88,10.4,1
3463,15,63,69,69,6.8,1
3464,17,82,81,71,11.9,1
3465,18,34,43,46,4.6,0
3466,22,86,85,71,10.9,1
3467,17,39,44,47,4.3,0
3468,16,95,89,91,11.3,1
3469,19,59,49,45,7.3,1
3470,21,66,65,59,8.1,1
3471,20,31,51,45,2.5,0
3472,21,36,55,36,3.8,0
3473,19,89,95,86,8.5,1
3474,17,43,56,50,2.3,0
3475,20,39,67,47,4.0,1
3476,18,55,36,38,5.7,0
3477,21,62,53,72,4.1,1
3478,17,51,43,44,2.5,0
3479,17,81,77,88,11.6,1
3480,22,74,80,84,11.4,1
3481,17,51,65,60,7.5,1
3482,20,58,66,80,9.3,1
3483,22,85,62,71,6.0,1
3484,18,63,58,50,3.8,1
3485,18,53,49,56,2.1,1
3486,16,45,47,44,2.7,0
3487,19,51,56,50,1.5,1
3488,16,93,82,84,11.5,1
3489,19,66,72,72,9.0,1
3490,22,59,66,68,4.5,1
3491,21,68,82,87,8.1,1
3492,17,66,64,60,4.3,1
3493,17,47,72,38,3.6,1
3494,21,62,71,90,7.7,1
3495,21,56,68,55,2.4,1
3496,15,70,77,77,8.1,1
3497,22,90,63,74,8.2,1
3498,16,81,64,80,11.3,1
3499,19,89,97,85,10.3,1
3500,16,82,58,55,8.8,1
3501,20,86,79,85,10.4,1
3502,17,47,48,51,1.8,0
3503,17,99,82,82,11.6,1
3504,16,60,55,62,7.5,1
3505,17,79,88,79,9.9,1
3506,15,75,75,65,9.6,1
3507,17,78,76,75,9.5,1
3508,22,78,80,76,5.5,1
3509,15,67,84,81,11.8,1
3510,18,100,90,99,11.6,1
3511,21,55,57,51,3.1,1
3512,15,49,49,46,4.8,0
3513,22,35,43,41,3.9,0
3514,16,99,94,97,11.1,1
3515,15,72,80,74,7.5,1
3516,19,42,41,30,2.3,0
3517,17,44,47,53,3.0,0
3518,17,74,59,75,9.4,1
3519,21,88,67,55,8.5,1
3520,15,47,26,55,2.7,0
3521,21,42,46,28,4.1,0
3522,20,78,85,98,8.9,1
3523,19,73,82,63,3.9,1
3524,21,35,20,27,6.4,0
3525,15,85,91,90,7.6,1
3526,16,49,66,57,6.9,1
3527,18,60,50,51,1.9,1
3528,16,25,21,25,2.1,0
3529,21,42,44,44,3.7,0
3530,22,72,81,76,9.8,1
3531,22,51,43,53,8.5,0
3532,22,77,61,74,9.0,1
3533,17,86,88,82,11.1,1
3534,16,60,58,62,10.1,1
3535,22,84,79,87,9.8,1
3536,21,84,73,74,11.2,1
3537,19,33,23,22,1.2,0
3538,21,90,90,87,6.7,1
3539,21,56,68,59,5.4,1
3540,16,59,45,45,8.1,0
3541,15,65,73,70,10.5,1
3542,18,76,67,68,8.0,1
3543,18,69,57,69,9.4,1
3544,18,58,67,64,10.4,1
3545,21,38,61,35,1.5,0
3546,19,77,57,56,8.3,1
3547,15,31,50,58,4.5,0
3548,20,63,55,55,3.5,1
3549,21,54,61,39,4.8,1
3550,20,49,30,33,5.4,0
3551,17,37,37,32,2.4,0
3552,18,81,76,67,11.7,1
3553,21,47,38,36,1.3,0
3554,21,55,50,45,1.2,1
3555,15,50,58,55,1.8,1
3556,16,55,70,64,5.7,1
3557,15,65,61,69,5.1,1
3558,19,70,70,55,5.9,1
3559,20,36,59,36,3.4,0
3560,15,42,38,26,4.5,0
3561,21,51,56,48,5.8,1
3562,21,55,64,69,4.6,1
3563,22,36,43,43,3.9,0
3564,22,45,40,31,1.5,0
3565,22,88,94,74,9.8,1
3566,16,82,67,75,7.2,1
3567,18,100,89,86,10.4,1
3568,17,56,56,61,3.3,1
3569,17,39,69,47,4.5,1
3570,22,55,64,73,5.1,1
3571,18,61,60,65,7.8,1
3572,17,43,32,35,1.5,0
3573,15,29,36,23,1.7,0
3574,19,51,63,58,2.5,1
3575,17,99,95,100,10.8,1
3576,16,59,54,50,4.6,1
3577,22,35,49,44,4.6,0
3578,18,61,66,38,2.4,1
3579,18,91,91,78,8.4,1
3580,17,74,77,92,11.0,1
3581,21,57,66,56,10.8,1
3582,19,95,100,92,9.0,1
3583,15,43,46,60,3.6,0
3584,19,51,47,40,2.5,0
3585,19,89,94,84,9.0,1
3586,21,52,54,65,6.2,1
3587,20,89,89,88,7.3,1
3588,15,41,29,27,3.7,0
3589,21,71,89,83,10.7,1
3590,22,31,40,46,3.9,0
3591,18,75,74,85,11.8,1
3592,19,76,68,70,10.3,1
3593,21,20,36,34,1.4,0
3594,19,64,76,57,7.6,1
3595,21,72,69,62,4.3,1
3596,21,60,37,43,2.1,0
3597,16,75,74,97,8.3,1
3598,18,52,49,45,3.8,0
3599,17,57,29,43,2.5,0
3600,22,45,66,69,4.3,1
3601,22,72,65,73,9.2,1
3602,17,98,85,83,11.0,1
3603,15,29,43,38,4.6,0
3604,21,79,78,69,8.7,1
3605,20,34,20,20,5.4,0
3606,19,49,48,60,5.3,1
3607,19,62,65,62,7.2,1
3608,15,82,93,100,10.4,1
3609,15,100,93,100,10.2,1
3610,17,30,23,35,1.1,0
3611,21,90,72,79,11.5,1
3612,20,76,85,81,9.3,1
3613,19,61,54,66,6.2,1
3614,21,79,87,85,9.9,1
3615,21,55,64,41,4.9,1
3616,19,24,26,24,1.8,0
3617,18,41,27,40,3.2,0
3618,18,75,88,80,10.2,1
3619,18,74,73,65,5.5,1
3620,18,60,59,50,6.6,1
3621,15,58,77,62,6.9,1
3622,19,91,93,80,9.2,1
3623,16,70,77,56,10.1,1
3624,22,62,34,36,2.5,0
3625,20,57,55,58,5.3,1
3626,18,43,32,57,4.9,0
3627,15,52,53,58,7.3,1
3628,15,66,67,70,10.8,1
3629,21,27,43,46,1.0,0
3630,15,86,66,84,9.8,1
3631,17,64,55,50,4.7,1
3632,19,55,37,48,2.7,0
3633,19,53,54,50,6.9,1
3634,19,43,63,51,1.7,1
3635,17,29,36,37,3.2,0
3636,21,70,72,74,8.7,1
3637,18,45,38,36,2.9,0
3638,21,69,66,79,8.9,1
3639,18,46,55,47,2.1,0
3640,18,52,45,77,8.2,1
3641,16,52,57,58,6.2,1
3642,20,67,55,65,10.0,1
3643,21,95,94,96,11.2,1
3644,16,46,63,44,6.0,1
3645,18,60,58,48,6.2,1
3646,21,64,38,46,4.5,0
3647,15,50,65,53,8.4,1
3648,19,33,39,46,1.8,0
3649,16,91,96,96,11.9,1
3650,22,73,66,68,9.2,1
3651,15,70,51,53,7.1,1
3652,21,42,46,56,2.8,0
3653,21,52,61,53,3.3,1
3654,16,24,38,47,2.7,0
3655,15,70,75,60,8.0,1
3656,17,70,68,66,11.2,1
3657,16,85,69,67,6.6,1
3658,21,37,62,59,5.3,1
3659,22,83,66,67,7.4,1
3660,18,52,65,53,3.5,1
3661,19,66,65,63,7.7,1
3662,22,42,29,41,4.6,0
3663,18,100,79,98,12.0,1
3664,22,55,58,36,3.6,0
3665,18,43,28,21,2.1,0
3666,22,77,84,82,8.4,1
3667,18,55,68,63,6.7,1
3668,18,45,59,31,2.2,0
3669,16,93,100,86,9.3,1
3670,18,61,56,56,5.4,1
3671,16,62,74,58,9.2,1
3672,15,100,87,100,10.6,1
3673,19,46,57,45,4.9,0
3674,19,31,38,24,1.3,0
3675,21,86,89,93,11.5,1
3676,20,52,63,66,6.3,1
3677,22,48,63,47,5.0,1
3678,22,21,23,20,3.6,0
3679,15,40,38,56,2.5,0
3680,19,77,79,80,8.1,1
3681,20,40,20,27,1.8,0
3682,21,30,27,37,1.3,0
3683,22,69,55,71,8.8,1
3684,20,37,38,52,7.0,0
3685,16,52,66,44,5.7,1
3686,16,79,87,80,6.6,1
3687,19,100,96,100,10.8,1
3688,22,60,68,78,5.3,1
3689,22,88,85,86,9.9,1
3690,17,72,61,66,6.9,1
3691,15,69,51,77,9.9,1
3692,15,54,62,56,7.3,1
3693,18,54,52,28,5.6,0
3694,21,65,60,71,5.8,1
3695,18,42,69,70,4.1,1
3696,17,34,32,33,2.5,0
3697,16,95,82,89,10.9,1
3698,21,59,51,62,6.4,1
3699,16,42,42,51,4.6,0
3700,15,86,67,80,7.8,1
3701,21,79,82,71,11.0,1
3702,15,38,36,36,2.2,0
3703,20,49,57,56,9.1,1
3704,17,60,62,54,8.0,1
3705,16,59,67,47,4.3,1
3706,20,55,35,53,1.0,0
3707,18,75,79,93,10.1,1
3708,21,86,70,71,6.3,1
3709,22,79,85,77,9.3,1
3710,16,43,44,49,5.1,0
3711,16,43,41,50,3.9,0
3712,20,66,54,67,3.4,1
3713,19,38,42,40,3.7,0
3714,20,82,57,72,6.5,1
3715,16,40,49,42,4.4,0
3716,21,55,50,48,6.3,1
3717,16,82,68,81,7.0,1
3718,21,53,57,49,4.3,1
3719,15,35,37,48,2.6,0
3720,16,66,56,61,5.1,1
3721,15,75,62,71,3.0,1
3722,20,94,96,89,11.0,1
3723,16,39,39,42,2.1,0
3724,20,42,35,36,1.8,0
3725,21,74,54,58,5.7,1
3726,17,60,66,51,4.1,1
3727,17,83,78,77,8.3,1
3728,15,90,81,85,10.4,1
3729,16,33,20,37,3.1,0
3730,16,98,87,100,9.8,1
3731,21,73,72,76,8.5,1
3732,19,67,66,77,7.7,1
3733,21,49,54,28,3.1,0
3734,18,48,33,33,5.8,0
3735,18,32,30,45,4.0,0
3736,18,53,46,31,4.9,0
3737,21,59,44,59,5.1,1
3738,21,87,81,80,11.6,1
3739,21,72,72,66,5.6,1
3740,21,75,89,69,10.3,1
3741,19,81,69,67,11.2,1
3742,21,20,23,28,2.4,0
3743,18,66,50,42,2.7,1
3744,17,52,39,36,4.3,0
3745,21,77,88,93,11.5,1
3746,19,61,49,60,5.5,1
3747,21,74,65,76,9.6,1
3748,18,55,69,66,7.8,1
3749,16,77,65,62,4.9,1
3750,18,82,73,79,8.6,1
3751,17,50,50,49,5.2,0
3752,16,26,52,31,4.0,0
3753,15,85,72,74,7.1,1
3754,16,86,85,69,11.8,1
3755,22,59,59,61,5.4,1
3756,17,46,39,63,5.3,0
3757,18,55,39,44,7.6,0
3758,19,31,20,24,1.1,0
3759,16,35,24,20,3.0,0
3760,16,58,40,63,7.8,1
3761,18,51,54,52,3.4,1
3762,17,52,43,61,4.8,1
3763,19,94,93,96,9.0,1
3764,19,51,41,57,3.4,0
3765,19,68,53,61,6.9,1
3766,19,44,33,47,2.0,0
3767,15,48,39,39,1.8,0
3768,19,51,64,64,7.4,1
3769,19,81,99,92,8.2,1
3770,21,87,89,90,10.4,1
3771,16,73,89,92,10.6,1
3772,18,56,65,73,3.8,1
3773,17,96,80,97,12.0,1
3774,16,69,76,83,6.3,1
3775,15,37,39,37,1.9,0
3776,22,44,63,60,2.3,1
3777,15,94,89,82,12.0,1
3778,16,75,54,67,4.2,1
3779,20,28,28,20,2.5,0
3780,21,48,47,57,6.2,1
3781,16,45,57,44,3.6,0
3782,16,67,63,58,8.2,1
3783,17,43,40,37,2.3,0
3784,20,63,49,64,3.4,1
3785,21,20,20,45,1.7,0
3786,17,67,71,69,9.3,1
3787,20,46,47,39,4.1,0
3788,19,67,66,75,6.7,1
3789,18,94,100,92,11.8,1
3790,20,60,44,54,5.8,1
3791,19,83,85,85,10.8,1
3792,17,74,64,67,5.3,1
3793,21,70,82,76,10.6,1
3794,19,69,37,54,2.2,1
3795,21,95,67,80,10.5,1
3796,16,97,100,89,10.6,1
3797,15,88,93,92,8.4,1
3798,17,32,29,26,1.1,0
3799,17,49,48,50,2.5,0
3800,15,47,37,43,6.9,0
3801,19,38,36,30,1.4,0
3802,16,48,55,55,3.5,1
3803,15,86,82,100,10.1,1
3804,22,100,78,83,11.2,1
3805,15,75,70,62,9.7,1
3806,22,85,79,81,7.1,1
3807,15,91,77,78,10.4,1
3808,20,59,57,42,3.7,1
3809,16,94,77,89,11.2,1
3810,17,82,63,55,7.1,1
3811,18,44,47,36,1.2,0
3812,15,83,75,62,8.4,1
3813,16,27,37,32,3.4,0
3814,18,75,66,75,10.0,1
3815,20,95,96,98,11.5,1
3816,15,73,61,47,7.0,1
3817,21,76,81,68,7.2,1
3818,21,39,34,46,1.2,0
3819,18,66,66,60,6.0,1
3820,17,68,63,62,5.9,1
3821,15,44,41,51,2.5,0
3822,21,85,71,80,7.8,1
3823,22,55,48,70,9.5,1
3824,15,55,64,65,6.8,1
3825,18,54,65,60,4.3,1
3826,19,42,44,29,2.2,0
3827,20,67,78,56,6.9,1
3828,21,26,32,26,2.9,0
3829,20,74,61,65,6.0,1
3830,20,75,70,73,8.4,1
3831,17,71,68,62,6.8,1
3832,21,62,62,64,5.3,1
3833,16,71,75,72,6.3,1
3834,16,37,47,36,5.5,0
3835,18,70,79,90,7.5,1
3836,15,74,75,54,5.4,1
3837,16,66,66,84,10.2,1
3838,20,48,40,39,1.1,0
3839,18,84,64,74,8.1,1
3840,15,27,24,27,1.0,0
3841,16,65,56,47,5.1,1
3842,22,30,37,37,1.7,0
3843,22,39,52,58,7.4,0
3844,20,79,82,100,9.0,1
3845,22,50,62,71,6.1,1
3846,22,73,81,77,9.1,1
3847,19,87,76,74,11.4,1
3848,16,81,74,86,8.4,1
3849,15,36,46,43,4.8,0
3850,15,83,78,73,9.6,1
3851,15,77,75,73,5.5,1
3852,16,68,57,53,8.4,1
3853,21,60,56,62,7.9,1
3854,18,84,88,92,8.5,1
3855,21,71,63,71,10.0,1
3856,22,42,37,39,1.9,0
3857,15,100,87,81,11.3,1
3858,17,78,87,88,10.6,1
3859,21,83,63,52,5.2,1
3860,19,32,33,29,2.1,0
3861,16,84,77,79,10.7,1
3862,16,75,71,81,9.6,1
3863,21,68,62,55,5.3,1
3864,20,46,38,61,1.7,0
3865,18,92,100,87,11.6,1
3866,20,83,69,82,11.2,1
3867,19,77,73,65,7.5,1
3868,20,91,91,91,10.1,1
3869,21,75,63,89,7.4,1
3870,16,20,34,20,2.6,0
3871,21,100,83,71,8.8,1
3872,22,82,69,74,7.4,1
3873,17,75,50,45,7.3,1
3874,17,65,27,55,2.6,0
3875,15,52,30,37,4.2,0
3876,17,55,55,53,5.1,1
3877,18,40,40,53,3.5,0
3878,17,93,91,74,9.5,1
3879,19,42,40,58,4.5,0
3880,15,53,60,62,5.3,1
3881,21,84,79,58,3.2,1
3882,15,77,89,81,10.0,1
3883,19,36,52,45,2.4,0
3884,18,49,59,48,5.7,1
3885,17,71,68,81,11.3,1
3886,16,69,55,54,8.7,1
3887,19,86,100,97,10.8,1
3888,21,47,52,46,4.1,0
3889,20,93,88,90,9.4,1
3890,15,42,51,50,1.9,0
3891,15,93,86,77,6.9,1
3892,15,46,53,50,4.1,0
3893,20,60,58,50,5.5,1
3894,18,53,53,51,6.7,1
3895,22,45,44,45,4.5,0
3896,21,66,71,69,6.7,1
3897,22,94,86,87,7.0,1
3898,22,66,63,65,9.7,1
3899,18,67,52,78,6.3,1
3900,21,77,87,83,11.8,1
3901,21,39,46,50,5.8,0
3902,21,40,54,43,1.7,0
3903,18,66,61,58,5.1,1
3904,20,70,60,69,5.8,1
3905,18,45,55,56,7.4,1
3906,21,99,87,82,8.3,1
3907,15,42,37,25,1.7,0
3908,22,87,73,72,7.7,1
3909,20,49,47,56,3.2,1
3910,18,60,57,54,3.8,1
3911,20,20,20,27,2.4,0
3912,15,73,81,67,9.8,1
3913,22,40,27,45,2.4,0
3914,17,81,100,81,11.5,1
3915,16,35,36,53,2.3,0
3916,22,74,77,74,8.2,1
3917,22,88,96,99,11.0,1
3918,17,31,56,26,3.1,0
3919,20,58,44,37,9.1,0
3920,16,73,100,74,9.3,1
3921,22,40,27,38,2.2,0
3922,22,73,66,61,5.5,1
3923,18,44,40,40,3.1,0
3924,17,83,100,98,11.3,1
3925,20,40,38,35,3.2,0
3926,16,61,66,66,7.4,1
3927,15,63,39,58,5.0,1
3928,20,55,64,54,6.4,1
3929,16,31,23,23,1.5,0
3930,15,43,36,40,2.5,0
3931,22,59,73,66,11.0,1
3932,20,44,40,44,4.2,0
3933,17,26,35,34,2.2,0
3934,18,65,90,82,11.7,1
3935,19,77,75,70,8.5,1
3936,22,69,68,87,8.6,1
3937,17,42,57,33,4.4,0
3938,22,73,87,74,8.4,1
3939,17,35,29,46,1.2,0
3940,15,36,38,46,4.5,0
3941,17,94,81,83,6.5,1
3942,18,92,81,80,11.9,1
3943,18,83,80,71,9.9,1
3944,18,35,52,34,1.7,0
3945,15,20,20,46,2.9,0
3946,16,56,68,74,4.7,1
3947,18,42,29,39,1.5,0
3948,18,73,61,60,9.5,1
3949,16,60,44,50,2.5,1
3950,19,86,100,84,9.6,1
3951,20,100,93,88,11.0,1
3952,20,82,86,85,8.5,1
3953,21,74,43,65,6.5,1
3954,16,80,87,88,7.1,1
3955,18,52,36,33,6.2,0
3956,16,46,52,39,5.5,0
3957,22,61,49,63,5.4,1
3958,21,78,71,68,11.2,1
3959,16,69,55,54,9.0,1
3960,21,57,41,54,2.9,1
3961,15,54,46,74,7.3,1
3962,20,27,25,20,2.9,0
3963,15,51,49,63,6.1,1
3964,17,38,48,50,4.6,0
3965,22,77,81,70,5.2,1
3966,15,64,78,70,4.5,1
3967,22,47,39,51,2.2,0
3968,16,100,100,91,11.5,1
3969,20,66,59,56,9.8,1
3970,19,87,82,85,6.8,1
3971,17,31,29,36,3.9,0
3972,22,51,51,52,4.8,1
3973,17,72,77,67,7.5,1
3974,15,20,25,20,1.7,0
3975,15,45,56,51,5.4,1
3976,18,62,51,55,5.5,1
3977,15,46,53,50,1.2,0
3978,19,83,84,92,9.6,1
3979,22,40,20,20,5.0,0
3980,20,59,58,57,6.4,1
3981,21,94,84,100,11.4,1
3982,22,36,41,46,3.8,0
3983,19,48,42,37,3.8,0
3984,21,97,83,100,10.9,1
3985,18,72,82,69,8.3,1
3986,18,79,95,80,8.3,1
3987,21,100,91,78,10.2,1
3988,18,43,45,56,2.7,0
3989,15,88,100,100,11.2,1
3990,21,68,74,66,9.5,1
3991,18,51,72,63,10.6,1
3992,15,41,54,58,4.9,1
3993,15,56,65,70,7.6,1
3994,15,73,56,42,6.0,1
3995,15,58,48,52,8.7,1
3996,20,45,43,43,4.0,0
3997,18,77,63,97,7.2,1
3998,16,36,43,42,4.9,0
3999,20,51,38,48,1.3,0
4000,16,36,30,23,2.5,0
4001,18,69,84,74,10.1,1
4002,16,74,85,87,9.8,1
4003,15,50,60,65,4.0,1
4004,19,34,41,21,2.6,0
4005,20,52,50,55,2.2,1
4006,20,54,46,45,4.8,0
4007,15,75,79,81,9.8,1
4008,16,64,71,61,6.2,1
4009,18,48,57,70,8.6,1
4010,16,69,40,79,5.6,1
4011,17,59,66,78,10.3,1
4012,17,80,76,74,9.4,1
4013,19,45,42,48,6.8,0
4014,15,70,58,60,5.7,1
4015,18,54,57,69,11.2,1
4016,15,62,52,53,4.4,1
4017,17,100,94,87,11.1,1
4018,16,92,96,78,11.4,1
4019,15,54,32,29,4.4,0
4020,15,33,36,39,2.6,0
4021,17,61,67,71,7.1,1
4022,20,69,64,64,9.4,1
4023,20,60,58,76,4.2,1
4024,18,87,58,83,8.1,1
4025,16,61,70,67,10.8,1
4026,22,30,25,42,2.3,0
4027,16,95,88,100,11.4,1
4028,20,82,87,88,9.9,1
4029,21,21,29,21,2.6,0
4030,17,33,34,35,2.7,0
4031,20,47,41,56,5.9,0
4032,20,30,43,31,2.5,0
4033,20,65,94,88,10.4,1
4034,15,49,49,48,3.8,0
4035,21,61,61,62,9.2,1
4036,18,79,82,76,9.2,1
4037,21,57,55,47,6.0,1
4038,18,37,39,54,4.0,0
4039,17,41,53,42,3.6,0
4040,17,84,75,83,5.9,1
4041,19,66,64,65,5.1,1
4042,17,57,50,53,5.0,1
4043,16,69,75,66,10.7,1
4044,18,70,65,59,5.6,1
4045,22,77,79,90,11.9,1
4046,19,66,71,66,8.1,1
4047,16,31,62,41,3.8,0
4048,22,52,43,40,2.3,0
4049,20,41,31,50,2.1,0
4050,16,65,71,79,7.8,1
4051,22,40,40,26,2.6,0
4052,22,72,66,53,5.7,1
4053,21,75,78,83,9.3,1
4054,21,73,46,59,9.4,1
4055,20,59,41,51,5.0,1
4056,22,75,76,71,9.2,1
4057,19,78,83,63,8.3,1
4058,17,69,60,75,6.4,1
4059,16,77,72,86,9.9,1
4060,16,58,33,39,5.1,0
4061,21,50,59,54,3.3,1
4062,20,64,56,64,5.1,1
4063,15,26,30,32,3.4,0
4064,18,43,45,53,6.4,0
4065,16,69,84,67,9.4,1
4066,16,99,75,90,8.3,1
4067,19,39,40,29,1.7,0
4068,16,35,39,42,1.9,0
4069,18,23,20,20,1.2,0
4070,21,70,73,68,8.2,1
4071,19,73,64,65,10.2,1
4072,15,55,53,57,4.5,1
4073,21,87,87,77,9.7,1
4074,16,89,95,93,11.9,1
4075,20,84,59,62,5.5,1
4076,22,88,88,70,11.8,1
4077,21,22,32,46,2.1,0
4078,16,38,51,33,2.0,0
4079,15,61,75,66,5.3,1
4080,15,56,56,63,6.5,1
4081,17,69,52,63,2.3,1
4082,18,23,29,31,1.8,0
4083,15,47,44,49,4.4,0
4084,20,74,56,63,9.2,1
4085,21,82,78,81,10.9,1
4086,16,41,68,76,2.7,1
4087,17,71,100,97,11.0,1
4088,16,74,63,73,10.2,1
4089,19,82,98,93,10.2,1
4090,17,72,69,64,8.8,1
4091,19,63,60,54,4.9,1
4092,18,35,25,26,2.0,0
4093,22,50,53,40,7.6,0
4094,21,81,58,62,8.7,1
4095,19,100,100,100,11.1,1
4096,16,33,37,63,6.1,0
4097,16,54,59,74,5.6,1
4098,22,44,41,39,3.1,0
4099,18,87,91,93,8.8,1
4100,17,49,77,74,8.1,1
4101,18,97,93,100,9.9,1
4102,21,53,44,52,4.4,0
4103,19,71,44,54,4.2,1
4104,17,65,66,83,8.4,1
4105,20,21,20,40,1.1,0
4106,16,32,47,43,2.3,0
4107,19,31,35,45,1.1,0
4108,16,77,77,72,10.9,1
4109,20,73,68,83,11.9,1
4110,21,60,83,78,10.5,1
4111,20,47,29,39,5.2,0
4112,15,83,73,66,8.0,1
4113,21,59,71,79,7.6,1
4114,16,71,75,57,7.3,1
4115,18,83,84,96,7.7,1
4116,17,43,55,46,4.1,0
4117,17,74,68,73,6.6,1
4118,18,96,100,99,11.5,1
4119,21,38,32,45,5.8,0
4120,20,88,75,79,9.9,1
4121,17,66,63,73,7.1,1
4122,15,69,58,42,7.4,1
4123,20,72,93,71,7.7,1
4124,18,61,77,69,7.3,1
4125,18,77,66,70,4.5,1
4126,22,33,46,38,2.4,0
4127,20,20,28,33,4.0,0
4128,19,62,52,82,9.1,1
4129,21,44,38,48,5.9,0
4130,16,59,79,57,6.0,1
4131,21,76,70,74,7.4,1
4132,15,100,96,71,11.6,1
4133,22,35,20,32,2.1,0
4134,15,91,83,86,8.2,1
4135,16,46,61,44,5.2,1
4136,18,77,48,50,4.1,1
4137,21,71,63,56,7.3,1
4138,15,64,68,58,8.1,1
4139,18,63,55,42,6.3,1
4140,17,71,65,57,9.7,1
4141,20,100,100,91,9.8,1
4142,18,68,85,92,6.9,1
4143,21,96,80,76,10.6,1
4144,18,67,61,45,6.7,1
4145,15,85,78,88,8.4,1
4146,16,57,41,54,1.2,1
4147,20,33,51,44,1.9,0
4148,20,44,44,56,2.6,0
4149,22,46,51,54,1.5,1
4150,21,50,40,39,3.4,0
4151,21,68,62,71,9.2,1
4152,17,44,46,42,3.2,0
4153,15,64,54,62,5.9,1
4154,20,61,61,67,6.1,1
4155,18,81,89,81,11.4,1
4156,22,88,80,71,10.0,1
4157,19,43,65,47,8.5,1
4158,17,66,67,75,7.5,1
4159,15,81,80,92,11.6,1
4160,19,36,43,31,1.3,0
4161,20,27,30,34,1.9,0
4162,22,68,71,71,9.4,1
4163,15,93,88,74,8.1,1
4164,20,51,55,43,5.4,0
4165,20,64,61,59,3.7,1
4166,18,61,48,39,4.8,0
4167,21,60,73,72,11.8,1
4168,15,93,87,85,3.9,1
4169,18,58,60,71,10.0,1
4170,16,59,62,64,7.6,1
4171,20,95,100,87,11.9,1
4172,22,85,74,83,9.7,1
4173,22,76,64,62,5.7,1
4174,15,40,28,44,4.1,0
4175,21,82,72,60,7.0,1
4176,20,68,81,71,5.4,1
4177,16,58,55,66,4.0,1
4178,17,70,72,92,6.5,1
4179,18,58,52,51,7.9,1
4180,16,59,64,57,3.4,1
4181,22,95,92,90,10.5,1
4182,20,29,25,24,2.8,0
4183,20,69,81,58,7.7,1
4184,17,96,77,75,11.1,1
4185,16,51,69,57,6.9,1
4186,22,67,67,72,6.3,1
4187,18,35,27,48,1.1,0
4188,21,72,76,84,9.5,1
4189,20,57,60,61,8.0,1
4190,15,62,54,44,9.9,1
4191,17,76,73,86,11.7,1
4192,16,56,48,52,5.1,1
4193,16,73,52,56,7.5,1
4194,15,99,100,100,9.1,1
4195,21,62,57,48,3.1,1
4196,17,28,20,36,2.1,0
4197,15,76,86,83,10.2,1
4198,22,99,74,84,11.0,1
4199,18,51,31,53,3.7,0
4200,16,56,55,56,4.5,1
4201,22,59,94,72,6.9,1
4202,21,37,37,49,5.0,0
4203,21,44,53,48,3.6,0
4204,17,81,63,64,7.6,1
4205,19,64,71,67,4.8,1
4206,16,55,58,35,1.3,0
4207,21,77,76,60,8.6,1
4208,17,58,51,50,2.8,1
4209,21,83,98,92,10.1,1
4210,20,80,66,81,11.2,1
4211,21,94,92,100,11.5,1
4212,16,89,98,99,9.2,1
4213,20,52,50,66,6.4,1
4214,17,60,41,60,2.6,1
4215,20,62,71,76,7.8,1
4216,16,43,43,49,2.6,0
4217,15,73,74,72,4.6,1
4218,17,91,95,92,11.0,1
4219,15,48,64,51,2.9,1
4220,19,100,63,95,10.8,1
4221,20,27,38,35,1.5,0
4222,20,65,83,70,5.8,1
4223,20,69,60,68,7.9,1
4224,22,73,89,64,9.0,1
4225,18,32,20,21,1.8,0
4226,17,86,96,93,10.3,1
4227,18,73,76,67,7.1,1
4228,22,100,100,96,10.9,1
4229,18,41,60,46,4.6,0
4230,20,44,45,49,9.0,0
4231,16,43,60,53,3.9,1
4232,22,50,53,49,2.4,1
4233,22,62,58,54,3.4,1
4234,21,58,55,64,6.4,1
4235,21,84,83,87,10.2,1
4236,20,85,95,100,9.5,1
4237,17,80,92,91,8.9,1
4238,18,80,67,75,5.1,1
4239,19,70,70,83,8.5,1
4240,15,65,52,58,7.7,1
4241,19,51,54,59,9.1,1
4242,18,79,58,68,4.9,1
4243,20,82,69,69,7.6,1
4244,22,100,99,94,11.6,1
4245,21,77,65,82,8.5,1
4246,16,65,67,76,9.7,1
4247,21,59,48,38,4.9,0
4248,16,59,56,68,7.7,1
4249,15,82,71,67,7.2,1
4250,16,60,58,50,5.4,1
4251,22,98,89,91,8.2,1
4252,18,44,41,55,4.4,0
4253,19,31,55,35,5.8,0
4254,15,46,51,52,4.0,0
4255,20,78,78,66,10.6,1
4256,21,68,63,72,11.9,1
4257,15,27,52,40,4.8,0
4258,22,92,88,100,10.4,1
4259,22,21,21,38,2.5,0
4260,19,86,87,90,7.9,1
4261,20,37,61,63,5.5,1
4262,15,70,57,67,2.9,1
4263,18,65,59,79,7.1,1
4264,17,47,42,62,2.0,1
4265,20,47,52,51,5.4,1
4266,15,79,84,72,10.1,1
4267,16,82,75,82,7.7,1
4268,19,44,57,59,4.3,1
4269,16,66,44,55,5.7,1
4270,18,45,45,55,6.7,0
4271,21,46,58,57,4.9,1
4272,20,32,37,29,4.3,0
4273,19,38,46,45,3.4,0
4274,21,85,92,81,9.8,1
4275,15,72,75,80,6.4,1
4276,18,50,52,50,5.0,1
4277,16,73,88,69,11.4,1
4278,19,74,66,76,3.6,1
4279,17,51,46,54,2.9,1
4280,16,64,39,39,3.5,0
4281,21,65,74,82,6.9,1
4282,17,59,46,61,3.6,1
4283,20,37,39,53,6.3,0
4284,21,83,51,65,5.4,1
4285,16,74,70,59,9.5,1
4286,19,64,55,70,5.9,1
4287,22,90,72,83,8.0,1
4288,18,100,91,100,11.7,1
4289,15,86,58,78,6.7,1
4290,15,56,53,56,2.3,1
4291,22,37,51,48,4.8,0
4292,15,72,69,71,11.3,1
4293,21,87,77,82,8.7,1
4294,17,34,47,33,2.2,0
4295,21,48,58,63,5.9,1
4296,18,44,42,49,5.0,0
4297,22,53,49,60,1.6,1
4298,18,47,45,45,3.5,0
4299,19,20,24,36,3.1,0
4300,19,98,87,84,11.7,1
4301,22,64,74,56,8.8,1
4302,19,80,89,65,6.7,1
4303,15,78,85,91,8.3,1
4304,21,74,80,67,10.3,1
4305,20,54,62,49,3.0,1
4306,19,71,62,75,8.8,1
4307,21,53,57,57,5.7,1
4308,18,88,79,77,9.8,1
4309,17,85,72,84,9.9,1
4310,17,73,78,97,10.3,1
4311,20,69,53,64,6.0,1
4312,18,35,40,44,3.0,0
4313,16,62,74,61,9.8,1
4314,16,50,64,50,3.4,1
4315,17,20,20,21,1.6,0
4316,18,67,68,73,5.9,1
4317,19,87,87,85,10.5,1
4318,16,42,33,62,3.9,0
4319,16,32,30,28,2.2,0
4320,15,64,65,87,6.6,1
4321,15,86,81,78,9.1,1
4322,18,74,59,72,9.5,1
4323,22,85,91,80,8.6,1
4324,15,37,27,34,4.1,0
4325,16,60,67,80,6.5,1
4326,17,60,44,60,5.3,1
4327,22,46,60,50,4.3,1
4328,18,87,85,100,7.7,1
4329,15,71,81,80,11.6,1
4330,17,47,59,48,4.7,1
4331,15,66,56,58,2.4,1
4332,21,100,100,93,11.9,1
4333,17,43,28,31,2.3,0
4334,21,69,83,89,9.0,1
4335,17,36,30,20,2.9,0
4336,22,55,66,40,5.0,1
4337,18,58,59,43,3.2,1
4338,18,67,62,74,8.5,1
4339,20,73,72,83,10.4,1
4340,20,43,47,69,2.3,1
4341,16,35,30,33,2.7,0
4342,22,73,78,58,7.2,1
4343,22,42,42,44,2.1,0
4344,15,32,37,27,4.8,0
4345,17,54,48,75,3.8,1
4346,19,77,59,63,6.9,1
4347,18,53,42,50,5.9,0
4348,21,60,74,70,6.0,1
4349,18,61,63,55,4.4,1
4350,22,63,80,74,8.4,1
4351,18,44,42,25,1.5,0
4352,22,44,79,50,4.7,1
4353,20,54,66,44,2.3,1
4354,19,88,90,93,8.7,1
4355,16,84,77,70,11.9,1
4356,15,52,76,56,6.0,1
4357,19,76,81,80,9.8,1
4358,22,58,60,56,5.3,1
4359,20,41,47,49,6.1,0
4360,18,55,33,26,4.3,0
4361,15,79,60,66,7.7,1
4362,21,26,20,20,1.1,0
4363,21,20,20,20,1.7,0
4364,22,86,90,93,10.7,1
4365,18,69,67,81,7.3,1
4366,17,74,100,97,10.7,1
4367,15,64,96,95,11.4,1
4368,21,41,26,38,2.9,0
4369,17,58,59,52,4.2,1
4370,17,37,40,42,3.4,0
4371,21,84,100,92,10.0,1
4372,19,73,64,66,8.8,1
4373,18,42,46,33,4.8,0
4374,16,43,37,34,2.5,0
4375,21,91,84,74,10.5,1
4376,22,78,86,72,9.6,1
4377,15,48,40,26,3.8,0
4378,15,61,84,62,4.6,1
4379,20,67,74,64,4.7,1
4380,22,72,72,81,7.0,1
4381,17,47,27,46,2.9,0
4382,16,60,60,71,7.8,1
4383,18,78,81,87,11.5,1
4384,22,46,58,41,2.8,0
4385,19,73,84,78,9.8,1
4386,16,49,53,64,6.2,1
4387,18,60,51,50,3.1,1
4388,20,53,46,62,1.9,1
4389,17,93,86,77,11.3,1
4390,16,67,69,65,9.0,1
4391,19,45,52,50,6.8,0
4392,19,71,64,63,5.5,1
4393,16,48,35,44,4.9,0
4394,15,44,33,43,3.5,0
4395,19,85,95,100,9.1,1
4396,20,42,39,36,6.6,0
4397,15,48,52,83,5.7,1
4398,17,46,43,34,3.5,0
4399,16,65,68,65,7.8,1
4400,21,86,88,87,6.5,1
4401,17,50,54,47,4.9,1
4402,20,47,28,36,2.4,0
4403,19,65,68,71,7.3,1
4404,16,65,62,72,4.8,1
4405,16,37,47,46,1.9,0
4406,17,92,100,89,11.7,1
4407,16,100,100,100,11.9,1
4408,18,73,62,64,7.4,1
4409,18,89,99,73,8.6,1
4410,22,95,64,82,9.0,1
4411,22,37,41,40,2.9,0
4412,20,68,63,74,10.5,1
4413,21,82,71,56,5.0,1
4414,18,85,99,84,10.8,1
4415,15,98,73,71,9.4,1
4416,17,37,43,42,4.2,0
4417,15,69,66,60,7.2,1
4418,22,61,46,65,5.6,1
4419,17,46,49,43,2.4,0
4420,18,26,37,54,1.6,0
4421,15,78,83,100,11.0,1
4422,16,83,77,81,9.3,1
4423,22,91,85,65,11.6,1
4424,16,80,76,95,6.7,1
4425,19,61,51,56,5.9,1
4426,20,44,51,61,7.8,1
4427,16,99,90,84,11.8,1
4428,17,62,58,59,9.2,1
4429,18,26,27,20,2.6,0
4430,21,48,51,42,4.3,0
4431,17,41,38,34,6.0,0
4432,15,82,79,79,8.9,1
4433,17,61,67,77,9.0,1
4434,19,93,99,84,11.4,1
4435,21,79,63,52,7.5,1
4436,17,71,64,78,9.7,1
4437,20,74,43,59,6.0,1
4438,18,28,28,45,1.2,0
4439,18,47,52,51,1.6,1
4440,19,77,71,75,9.3,1
4441,22,51,42,46,2.7,0
4442,15,39,49,37,2.4,0
4443,16,55,32,47,5.0,0
4444,19,61,74,76,8.0,1
4445,19,85,80,81,11.4,1
4446,20,91,87,84,10.4,1
4447,22,82,81,100,9.5,1
4448,20,85,73,68,10.9,1
4449,19,97,100,96,11.2,1
4450,22,86,90,90,10.4,1
4451,21,93,71,66,9.8,1
4452,21,47,54,49,3.7,1
4453,16,73,92,74,8.4,1
4454,18,70,51,74,4.5,1
4455,20,48,35,39,1.5,0
4456,20,66,66,57,8.3,1
4457,18,61,40,53,8.6,1
4458,15,51,48,35,2.2,0
4459,15,60,56,65,9.1,1
4460,16,72,74,65,6.9,1
4461,16,66,48,61,5.2,1
4462,20,37,34,48,2.0,0
4463,20,57,77,63,7.9,1
4464,17,59,52,57,5.2,1
4465,22,57,46,53,2.7,1
4466,19,45,48,57,5.9,1
4467,22,48,70,63,6.7,1
4468,15,45,47,56,9.5,0
4469,20,61,35,36,2.1,0
4470,22,92,65,75,10.8,1
4471,21,53,71,66,6.8,1
4472,22,94,84,94,10.8,1
4473,20,88,85,80,10.0,1
4474,15,77,82,81,11.1,1
4475,15,20,20,23,2.5,0
4476,18,38,37,35,3.6,0
4477,18,28,38,36,2.1,0
4478,21,47,47,51,2.2,0
4479,17,79,79,70,3.9,1
4480,20,47,43,43,1.3,0
4481,15,55,64,75,8.3,1
4482,21,80,75,76,7.9,1
4483,21,65,50,61,3.4,1
4484,15,26,24,39,1.3,0
4485,18,63,60,70,11.8,1
4486,21,63,56,59,4.5,1
4487,18,35,41,43,5.0,0
4488,22,73,78,80,9.6,1
4489,17,49,43,56,3.5,0
4490,16,57,51,52,3.0,1
4491,19,25,27,20,2.1,0
4492,15,48,40,30,4.7,0
4493,17,62,53,61,3.4,1
4494,15,65,65,64,7.4,1
4495,21,64,81,72,7.7,1
4496,19,65,53,64,2.7,1
4497,19,63,82,74,6.9,1
4498,18,61,73,54,6.1,1
4499,16,91,85,80,11.0,1
4500,16,78,88,99,11.1,1
4501,15,68,67,63,5.2,1
4502,16,74,77,78,10.1,1
4503,21,81,81,93,11.5,1
4504,18,56,61,59,4.2,1
4505,16,88,85,69,6.7,1
4506,19,56,56,52,1.1,1
4507,20,61,64,57,8.0,1
4508,15,56,50,53,6.5,1
4509,21,68,49,56,6.0,1
4510,15,59,45,36,3.2,0
4511,20,64,56,85,6.2,1
4512,19,72,73,86,9.7,1
4513,22,32,48,35,3.9,0
4514,15,80,67,62,7.6,1
4515,19,36,43,44,2.0,0
4516,21,56,38,46,1.2,0
4517,16,62,72,61,8.7,1
4518,16,75,66,73,8.5,1
4519,20,47,52,54,4.2,1
4520,19,40,25,33,1.2,0
4521,19,80,64,67,10.6,1
4522,19,50,56,48,6.6,1
4523,16,61,56,55,1.3,1
4524,16,71,77,84,5.9,1
4525,19,60,82,71,7.6,1
4526,16,43,37,43,2.2,0
4527,15,90,94,86,11.9,1
4528,19,47,53,41,1.9,0
4529,19,60,45,58,3.5,1
4530,21,94,100,100,11.8,1
4531,16,40,52,46,6.3,0
4532,15,76,79,73,10.6,1
4533,17,52,45,35,5.2,0
4534,22,67,46,71,8.1,1
4535,19,70,62,74,9.4,1
4536,17,100,84,88,11.2,1
4537,21,88,77,78,10.4,1
4538,21,56,77,70,7.1,1
4539,18,55,53,33,4.0,0
4540,21,60,52,68,5.8,1
4541,22,80,99,99,10.6,1
4542,16,57,55,41,5.3,1
4543,18,85,79,86,11.3,1
4544,22,45,44,44,1.2,0
4545,22,37,45,56,1.1,0
4546,22,88,97,88,8.7,1
4547,17,79,64,62,5.0,1
4548,17,60,77,69,5.3,1
4549,16,68,70,74,8.3,1
4550,16,71,73,48,10.3,1
4551,16,51,61,52,2.5,1
4552,17,92,73,71,8.2,1
4553,15,53,66,58,9.4,1
4554,21,86,74,71,6.3,1
4555,19,43,62,40,6.8,0
4556,18,60,46,56,7.9,1
4557,21,76,59,48,1.8,1
4558,17,91,100,96,10.7,1
4559,21,92,79,78,10.0,1
4560,18,93,87,74,10.1,1
4561,21,65,72,57,7.7,1
4562,16,51,52,46,5.6,0
4563,16,60,76,71,8.8,1
4564,17,70,73,77,10.7,1
4565,21,95,75,77,10.8,1
4566,20,89,89,94,10.3,1
4567,19,39,59,42,3.8,0
4568,21,67,91,89,9.4,1
4569,16,34,46,42,1.8,0
4570,15,48,42,59,4.5,0
4571,15,83,95,98,9.5,1
4572,22,100,96,100,11.2,1
4573,15,80,73,77,8.8,1
4574,21,35,42,37,3.0,0
4575,18,58,60,49,4.6,1
4576,20,39,44,51,8.2,0
4577,22,85,100,71,11.7,1
4578,20,100,100,94,9.4,1
4579,22,54,42,31,4.0,0
4580,22,24,40,30,1.1,0
4581,22,90,93,85,10.5,1
4582,17,48,55,50,3.3,1
4583,18,47,47,49,1.4,0
4584,19,74,81,95,11.9,1
4585,17,92,87,80,9.8,1
4586,16,34,43,28,2.9,0
4587,19,65,67,67,7.0,1
4588,22,74,61,79,10.3,1
4589,16,47,52,43,5.8,0
4590,18,70,65,59,7.9,1
4591,20,38,37,41,2.0,0
4592,16,49,61,58,7.8,1
4593,17,54,61,53,3.3,1
4594,17,67,63,63,3.6,1
4595,18,48,60,59,8.4,1
4596,22,58,44,58,4.6,1
4597,15,95,87,92,10.5,1
4598,21,66,73,73,7.7,1
4599,18,88,81,100,10.4,1
4600,21,36,42,30,2.1,0
4601,19,39,60,57,4.2,1
4602,16,68,47,64,6.4,1
4603,15,69,80,66,7.4,1
4604,21,78,77,65,7.8,1
4605,16,63,60,62,4.6,1
4606,17,36,54,48,2.5,0
4607,18,71,82,98,11.8,1
4608,15,87,97,92,11.5,1
4609,20,60,73,71,9.2,1
4610,16,73,83,99,11.1,1
4611,17,47,57,58,6.1,1
4612,16,97,88,86,11.8,1
4613,20,58,75,62,9.8,1
4614,22,37,49,27,2.3,0
4615,17,51,58,50,3.0,1
4616,19,70,70,61,8.3,1
4617,20,58,37,42,7.2,0
4618,16,53,36,39,2.2,0
4619,15,65,83,73,8.8,1
4620,19,53,56,56,4.6,1
4621,20,60,81,71,11.6,1
4622,20,76,78,72,8.3,1
4623,21,41,32,47,1.7,0
4624,16,28,20,27,2.4,0
4625,18,46,44,49,1.1,0
4626,16,64,74,65,9.2,1
4627,17,31,38,27,6.1,0
4628,18,27,47,31,3.3,0
4629,17,39,50,56,6.6,0
4630,21,85,76,82,6.6,1
4631,22,70,58,57,5.4,1
4632,15,52,43,47,6.2,0
4633,19,83,68,67,9.6,1
4634,19,49,37,61,4.0,0
4635,17,94,91,82,9.2,1
4636,18,44,31,37,4.3,0
4637,15,79,69,77,11.3,1
4638,18,58,50,48,11.1,1
4639,15,38,54,45,6.1,0
4640,20,42,52,61,6.0,1
4641,16,20,24,29,5.2,0
4642,15,67,80,68,6.4,1
4643,16,77,72,96,9.9,1
4644,18,68,56,66,4.5,1
4645,21,75,69,64,7.4,1
4646,15,62,49,50,3.6,1
4647,20,80,100,95,8.5,1
4648,17,74,84,90,11.2,1
4649,20,54,66,77,8.6,1
4650,19,74,77,77,7.5,1
4651,22,31,34,20,1.8,0
4652,20,53,64,45,4.5,1
4653,17,32,34,31,1.4,0
4654,19,55,56,67,3.9,1
4655,21,56,47,59,2.2,1
4656,16,100,96,95,11.5,1
4657,21,46,47,40,4.6,0
4658,17,76,77,76,11.0,1
4659,21,44,38,38,4.3,0
4660,19,61,42,43,5.1,0
4661,21,46,32,46,3.3,0
4662,19,100,73,90,11.2,1
4663,18,56,61,58,7.3,1
4664,17,70,69,85,8.6,1
4665,17,75,85,68,11.4,1
4666,17,31,33,35,2.6,0
4667,16,46,59,48,6.0,1
4668,16,80,94,88,11.5,1
4669,18,34,26,30,3.8,0
4670,16,44,56,59,5.2,1
4671,18,43,54,50,7.5,0
4672,21,71,77,69,9.6,1
4673,22,51,55,31,1.9,0
4674,17,68,62,71,10.7,1
4675,22,82,66,84,9.6,1
4676,22,84,100,98,9.7,1
4677,17,56,56,37,8.6,0
4678,17,53,52,63,5.6,1
4679,21,48,57,43,5.0,0
4680,15,74,76,69,10.3,1
4681,19,50,59,49,5.8,1
4682,20,52,49,59,6.1,1
4683,19,51,44,46,1.2,0
4684,22,58,56,62,6.1,1
4685,22,98,90,94,11.5,1
4686,17,82,82,81,6.6,1
4687,21,48,51,57,3.8,1
4688,21,33,23,24,1.4,0
4689,18,36,24,68,1.8,0
4690,20,86,79,81,8.0,1
4691,17,82,79,76,9.4,1
4692,20,84,70,66,8.4,1
4693,16,79,89,82,11.7,1
4694,16,41,51,46,6.2,0
4695,16,68,81,77,5.0,1
4696,22,89,78,91,10.1,1
4697,20,61,76,80,9.1,1
4698,21,72,80,74,1.9,1
4699,15,22,20,20,1.6,0
4700,15,78,74,83,9.0,1
4701,22,33,41,34,2.8,0
4702,15,45,52,40,1.9,0
4703,22,38,25,20,4.0,0
4704,18,75,70,61,10.5,1
4705,19,42,40,57,3.8,0
4706,19,81,72,78,8.4,1
4707,18,79,72,69,5.8,1
4708,18,65,76,58,3.6,1
4709,21,75,70,57,9.8,1
4710,21,46,63,62,6.9,1
4711,20,41,45,58,4.8,0
4712,15,63,57,71,9.8,1
4713,19,34,44,55,4.0,0
4714,20,81,66,62,6.5,1
4715,19,36,36,42,4.6,0
4716,20,85,65,62,9.4,1
4717,16,57,47,59,2.0,1
4718,16,100,96,81,11.6,1
4719,20,66,63,77,7.6,1
4720,16,81,55,70,6.5,1
4721,19,72,74,57,8.6,1
4722,17,68,51,52,8.2,1
4723,17,35,47,27,1.1,0
4724,22,79,64,67,11.1,1
4725,19,45,46,53,6.2,0
4726,21,44,35,39,1.1,0
4727,19,91,100,97,8.5,1
4728,22,45,41,57,3.0,0
4729,17,59,64,64,5.7,1
4730,22,54,50,57,7.5,1
4731,20,66,81,74,6.6,1
4732,15,20,20,20,2.3,0
4733,18,58,53,68,5.6,1
4734,17,79,68,56,8.6,1
4735,19,66,67,65,5.1,1
4736,19,71,68,59,9.7,1
4737,21,48,50,70,2.3,1
4738,17,66,88,59,8.8,1
4739,22,29,20,22,1.3,0
4740,18,58,38,61,2.1,1
4741,18,59,44,38,3.7,0
4742,22,32,24,34,1.7,0
4743,20,58,78,76,5.6,1
4744,18,78,84,93,7.0,1
4745,15,80,82,72,11.0,1
4746,20,61,49,69,6.6,1
4747,16,79,68,74,6.8,1
4748,20,56,53,61,2.5,1
4749,21,70,80,72,7.4,1
4750,19,38,35,29,2.9,0
4751,19,66,65,77,5.9,1
4752,17,56,46,64,10.0,1
4753,17,48,60,33,3.3,0
4754,21,100,100,89,11.8,1
4755,21,52,58,52,2.5,1
4756,17,39,61,57,6.8,1
4757,22,66,80,56,5.9,1
4758,15,48,55,65,5.5,1
4759,20,58,75,74,9.9,1
4760,18,50,38,35,4.8,0
4761,22,59,61,67,6.5,1
4762,20,71,76,76,8.8,1
4763,17,46,20,37,2.9,0
4764,19,72,74,70,8.8,1
4765,20,58,61,51,4.7,1
4766,18,78,100,93,11.8,1
4767,19,28,20,20,2.1,0
4768,20,69,59,78,9.7,1
4769,22,43,39,28,3.6,0
4770,15,61,68,60,4.3,1
4771,21,68,70,77,6.5,1
4772,17,38,31,45,4.1,0
4773,15,34,48,58,1.1,0
4774,20,42,59,48,7.4,0
4775,15,76,73,77,6.4,1
4776,17,100,100,100,11.4,1
4777,16,56,64,53,3.7,1
4778,18,41,28,51,3.7,0
4779,16,20,22,30,1.4,0
4780,22,47,49,54,4.1,1
4781,22,50,69,50,6.4,1
4782,20,56,59,53,7.7,1
4783,19,41,35,36,4.9,0
4784,20,39,25,36,1.3,0
4785,17,52,56,65,7.2,1
4786,19,67,82,67,10.9,1
4787,17,63,71,67,9.1,1
4788,22,74,72,86,10.8,1
4789,16,63,38,40,5.3,0
4790,16,56,59,54,4.3,1
4791,15,100,100,100,9.8,1
4792,19,78,70,74,6.1,1
4793,15,31,44,56,3.1,0
4794,16,70,78,77,9.6,1
4795,17,77,73,92,7.4,1
4796,15,89,90,86,7.3,1
4797,15,53,50,58,5.0,1
4798,15,84,65,66,8.8,1
4799,17,52,63,74,9.8,1
4800,16,33,45,39,7.1,0
4801,19,69,79,63,9.2,1
4802,22,56,34,34,1.8,0
4803,22,55,53,67,5.7,1
4804,16,98,74,75,9.4,1
4805,18,65,61,80,6.5,1
4806,15,28,20,26,2.8,0
4807,16,57,59,67,7.4,1
4808,16,72,80,83,8.4,1
4809,18,65,67,64,4.5,1
4810,17,36,27,31,3.6,0
4811,19,72,93,88,11.7,1
4812,15,94,74,80,10.4,1
4813,22,56,52,50,4.2,1
4814,17,38,48,40,1.3,0
4815,20,61,69,56,5.7,1
4816,21,51,52,69,4.8,1
4817,20,66,77,74,8.8,1
4818,18,48,36,48,2.3,0
4819,16,52,57,54,2.0,1
4820,22,100,100,100,11.7,1
4821,21,93,86,84,10.5,1
4822,20,80,76,47,7.5,1
4823,21,86,79,72,8.6,1
4824,22,22,20,35,1.7,0
4825,15,67,63,60,7.4,1
4826,18,55,63,52,3.7,1
4827,20,78,92,78,10.8,1
4828,18,60,58,76,7.9,1
4829,22,22,37,20,3.1,0
4830,17,61,62,70,8.5,1
4831,16,32,62,45,3.3,0
4832,18,78,79,71,11.1,1
4833,18,55,44,50,7.0,0
4834,17,84,82,77,11.5,1
4835,22,58,54,41,5.0,1
4836,22,93,82,86,11.4,1
4837,15,68,72,57,5.4,1
4838,22,69,60,72,5.4,1
4839,16,88,70,77,9.2,1
4840,16,58,72,68,8.8,1
4841,21,50,44,21,2.3,0
4842,16,27,31,20,2.0,0
4843,20,41,43,51,4.7,0
4844,21,72,62,78,6.5,1
4845,18,72,75,70,6.5,1
4846,19,80,62,51,8.0,1
4847,21,86,89,85,9.7,1
4848,21,85,81,82,8.1,1
4849,21,72,73,73,9.8,1
4850,22,71,69,77,9.2,1
4851,15,90,58,86,11.4,1
4852,18,40,62,57,3.8,1
4853,20,45,46,28,1.4,0
4854,15,43,48,51,3.6,0
4855,22,97,98,100,9.9,1
4856,20,48,66,66,8.8,1
4857,20,36,35,38,3.8,0
4858,16,80,82,69,11.8,1
4859,21,43,39,34,2.4,0
4860,16,65,51,65,8.1,1
4861,19,75,69,74,8.7,1
4862,21,51,40,64,8.8,1
4863,22,57,71,69,8.9,1
4864,15,64,60,54,6.1,1
4865,20,71,76,90,5.9,1
4866,19,94,82,95,7.2,1
4867,18,52,63,48,4.4,1
4868,18,56,59,43,8.0,1
4869,21,55,58,57,8.2,1
4870,17,60,42,57,5.6,1
4871,16,82,83,64,10.1,1
4872,16,82,100,94,10.2,1
4873,19,38,38,34,1.8,0
4874,21,46,37,50,2.3,0
4875,16,100,100,100,11.6,1
4876,22,61,43,66,5.0,1
4877,18,82,100,85,11.6,1
4878,20,100,91,84,11.7,1
4879,19,63,71,75,7.2,1
4880,16,70,70,64,8.0,1
4881,15,72,47,70,7.1,1
4882,15,56,73,65,7.8,1
4883,20,83,94,100,11.0,1
4884,20,56,56,43,6.1,1
4885,16,79,73,67,9.5,1
4886,15,65,83,81,10.2,1
4887,18,54,51,63,6.4,1
4888,21,80,97,86,9.3,1
4889,15,69,74,82,7.3,1
4890,17,59,64,75,8.4,1
4891,21,98,99,94,11.3,1
4892,19,78,69,74,8.4,1
4893,22,51,50,51,5.3,1
4894,16,44,48,49,5.9,0
4895,15,46,45,46,3.1,0
4896,17,63,67,79,5.4,1
4897,21,74,86,76,8.3,1
4898,22,70,70,39,3.4,1
4899,22,71,91,85,9.3,1
4900,20,33,39,41,2.0,0
4901,22,74,70,78,5.0,1
4902,15,29,50,38,1.7,0
4903,21,73,64,71,7.6,1
4904,19,31,21,40,2.4,0
4905,18,66,79,66,6.1,1
4906,17,39,59,48,3.0,0
4907,22,66,88,82,10.1,1
4908,19,67,62,51,2.6,1
4909,15,72,58,60,3.9,1
4910,18,63,59,54,6.9,1
4911,22,81,74,84,10.8,1
4912,20,70,84,71,9.3,1
4913,21,68,70,80,6.9,1
4914,20,37,57,55,4.4,0
4915,18,47,60,56,6.1,1
4916,17,59,66,55,7.9,1
4917,20,87,56,65,7.8,1
4918,15,30,20,29,3.4,0
4919,18,84,81,84,8.5,1
4920,20,73,76,87,9.3,1
4921,16,67,80,72,8.5,1
4922,21,63,47,77,8.0,1
4923,22,68,54,59,5.6,1
4924,21,36,27,28,3.7,0
4925,15,49,47,36,3.5,0
4926,17,41,30,42,2.1,0
4927,19,34,36,38,3.3,0
4928,20,89,77,81,11.1,1
4929,19,49,42,46,5.6,0
4930,15,66,63,60,6.6,1
4931,17,91,92,100,9.1,1
4932,17,49,44,52,4.9,0
4933,17,36,37,43,2.9,0
4934,18,86,85,81,7.6,1
4935,16,50,38,54,1.4,0
4936,15,96,85,86,9.2,1
4937,22,61,61,54,9.5,1
4938,20,58,55,64,7.8,1
4939,15,75,78,80,9.7,1
4940,21,60,59,55,4.2,1
4941,16,36,29,35,1.2,0
4942,21,86,86,92,11.6,1
4943,18,50,66,52,6.9,1
4944,20,43,40,51,2.4,0
4945,16,53,45,57,7.1,1
4946,16,73,79,87,7.5,1
4947,18,80,65,75,10.0,1
4948,18,57,54,51,6.5,1
4949,21,39,67,74,4.1,1
4950,19,84,72,82,9.5,1
4951,16,57,58,54,3.1,1
4952,22,35,32,41,1.7,0
4953,19,64,66,59,5.2,1
4954,21,56,51,45,3.9,1
4955,16,64,48,80,5.7,1
4956,18,71,76,85,9.0,1
4957,21,58,59,57,8.8,1
4958,15,36,34,39,1.5,0
4959,18,54,59,53,5.1,1
4960,16,70,87,71,10.0,1
4961,17,60,69,68,7.4,1
4962,15,38,52,47,1.8,0
4963,16,72,88,68,11.0,1
4964,19,65,78,63,7.7,1
4965,20,37,45,42,1.4,0
4966,18,65,77,74,10.2,1
4967,22,40,33,58,1.8,0
4968,18,54,84,60,8.8,1
4969,20,43,46,47,1.2,0
4970,18,67,55,64,3.3,1
4971,17,39,52,49,1.5,0
4972,15,84,83,75,11.4,1
4973,22,52,58,60,6.5,1
4974,15,76,86,54,5.3,1
4975,21,64,67,63,9.7,1
4976,21,62,70,83,7.5,1
4977,16,57,53,49,2.8,1
4978,16,78,76,71,10.9,1
4979,18,65,73,75,10.6,1
4980,20,56,50,63,4.9,1
4981,17,34,43,25,1.7,0
4982,20,49,45,28,7.6,0
4983,16,84,86,85,10.3,1
4984,21,92,95,91,10.5,1
4985,16,51,41,54,2.6,0
4986,21,63,92,73,9.6,1
4987,19,44,61,54,3.8,1
4988,16,68,81,71,8.6,1
4989,18,40,35,39,4.0,0
4990,21,20,20,42,1.1,0
4991,15,88,73,82,5.6,1
4992,18,44,51,67,8.5,1
4993,22,38,38,53,3.8,0
4994,15,50,45,36,4.2,0
4995,21,43,49,48,3.0,0
4996,21,50,62,55,9.3,1
4997,16,56,76,78,5.3,1
4998,21,56,50,63,2.4,1
4999,15,33,55,56,2.5,0
5000,21,32,41,30,1.9,0
